dt,close,high,low,open,volume
2012-01-20,49960.0,50040.0,49960.0,50040.0,3276.0
2012-01-25,49960.0,49960.0,49960.0,49960.0,100.0
2012-01-26,49930.0,49985.0,49925.0,49960.0,1161.0
2012-01-27,50000.0,57200.0,49810.0,57200.0,104.0
2012-01-30,50130.0,50130.0,50000.0,50000.0,1080.0
2012-01-31,50180.0,50210.0,50135.0,50210.0,1001.0
2012-02-01,50230.0,50260.0,50170.0,50220.0,5131.0
2012-02-02,50180.0,50180.0,50180.0,50180.0,1007.0
2012-02-03,50190.0,50220.0,50190.0,50200.0,1002.0
2012-02-06,50120.0,50130.0,50090.0,50120.0,1045.0
2012-02-07,50060.0,50120.0,50040.0,50120.0,1068.0
2012-02-08,49980.0,50000.0,49980.0,50000.0,2001.0
2012-02-09,50050.0,50110.0,49990.0,50050.0,1005.0
2012-02-10,50010.0,50050.0,49980.0,49990.0,603.0
2012-02-13,49980.0,50015.0,49910.0,50015.0,15.0
2012-02-14,50020.0,50020.0,49975.0,49985.0,2109.0
2012-02-15,50000.0,50000.0,50000.0,50000.0,0.0
2012-02-16,50050.0,50050.0,50050.0,50050.0,0.0
2012-02-17,49990.0,49990.0,49990.0,49990.0,1.0
2012-02-20,49940.0,49960.0,49940.0,49960.0,3.0
2012-02-21,50000.0,50000.0,49940.0,49950.0,102.0
2012-02-22,49950.0,49990.0,49950.0,49990.0,109.0
2012-02-23,50020.0,50020.0,50020.0,50020.0,15.0
2012-02-24,50020.0,50020.0,50020.0,50020.0,0.0
2012-02-27,50110.0,50110.0,50080.0,50080.0,465.0
2012-02-28,50140.0,50140.0,50120.0,50120.0,274.0
2012-02-29,50155.0,50155.0,50155.0,50155.0,0.0
2012-03-02,50050.0,50050.0,50050.0,50050.0,50.0
2012-03-05,49970.0,49970.0,49970.0,49970.0,0.0
2012-03-06,49970.0,49970.0,49970.0,49970.0,0.0
2012-03-07,49970.0,49970.0,49970.0,49970.0,0.0
2012-03-08,50080.0,50080.0,50080.0,50080.0,0.0
2012-03-09,50060.0,50060.0,50060.0,50060.0,10.0
2012-03-12,50120.0,50120.0,50090.0,50090.0,141.0
2012-03-13,50160.0,50160.0,50160.0,50160.0,300.0
2012-03-14,50060.0,50060.0,50060.0,50060.0,0.0
2012-03-15,49895.0,50000.0,49895.0,50000.0,8002.0
2012-03-16,49800.0,49800.0,49800.0,49800.0,4.0
2012-03-19,49640.0,49740.0,49620.0,49740.0,62.0
2012-03-20,49680.0,49680.0,49640.0,49640.0,136.0
2012-03-21,49550.0,49620.0,49550.0,49620.0,55.0
2012-03-22,49500.0,49660.0,49500.0,49660.0,4004.0
2012-03-23,49540.0,49540.0,49500.0,49500.0,52.0
2012-03-26,49650.0,49650.0,49620.0,49620.0,103.0
2012-03-27,49680.0,49850.0,49680.0,49800.0,199.0
2012-03-28,49840.0,49840.0,49840.0,49840.0,4036.0
2012-03-29,49900.0,49900.0,49900.0,49900.0,0.0
2012-03-30,50050.0,50050.0,49980.0,49980.0,65.0
2012-04-02,50000.0,50000.0,50000.0,50000.0,1.0
2012-04-03,49990.0,50030.0,49990.0,50030.0,5.0
2012-04-04,49990.0,49990.0,49990.0,49990.0,0.0
2012-04-05,50110.0,50110.0,50070.0,50070.0,4.0
2012-04-06,50050.0,50110.0,50050.0,50110.0,2.0
2012-04-09,50280.0,50280.0,50280.0,50280.0,0.0
2012-04-10,50270.0,50270.0,50200.0,50240.0,5.0
2012-04-12,50240.0,50240.0,50240.0,50240.0,1.0
2012-04-13,50200.0,50200.0,50200.0,50200.0,1.0
2012-04-16,50350.0,50350.0,50350.0,50350.0,1.0
2012-04-17,50370.0,50370.0,50370.0,50370.0,0.0
2012-04-18,50310.0,50310.0,50310.0,50310.0,0.0
2012-04-19,50330.0,50330.0,50330.0,50330.0,1.0
2012-04-20,50480.0,50480.0,50360.0,50360.0,3.0
2012-04-23,50460.0,50500.0,50450.0,50500.0,17.0
2012-04-24,50530.0,50530.0,50530.0,50530.0,1.0
2012-04-25,50425.0,50435.0,50425.0,50430.0,11.0
2012-04-26,50430.0,50470.0,50430.0,50435.0,12.0
2012-04-27,50600.0,50610.0,50500.0,50510.0,5046.0
2012-04-30,50735.0,50735.0,50690.0,50700.0,6.0
2012-05-02,50710.0,50710.0,50705.0,50705.0,6.0
2012-05-03,50790.0,50810.0,50750.0,50750.0,7.0
2012-05-04,50745.0,50790.0,50745.0,50790.0,3.0
2012-05-07,50940.0,51000.0,50900.0,50900.0,955.0
2012-05-08,50880.0,50920.0,50880.0,50920.0,253.0
2012-05-09,50940.0,50980.0,50650.0,50980.0,346.0
2012-05-10,50810.0,50810.0,50600.0,50650.0,2525.0
2012-05-11,50975.0,50975.0,50600.0,50680.0,1267.0
2012-05-14,50995.0,50995.0,50830.0,50830.0,302.0
2012-05-15,50900.0,50970.0,50900.0,50970.0,11.0
2012-05-16,50745.0,50745.0,50745.0,50745.0,1.0
2012-05-17,50850.0,50850.0,50850.0,50850.0,449.0
2012-05-18,50900.0,50900.0,50900.0,50900.0,1.0
2012-05-21,50830.0,50830.0,50830.0,50830.0,10.0
2012-05-22,50840.0,50840.0,50840.0,50840.0,0.0
2012-05-23,50900.0,50900.0,50900.0,50900.0,0.0
2012-05-24,50875.0,50875.0,50875.0,50875.0,3.0
2012-05-25,50910.0,50910.0,50870.0,50870.0,3008.0
2012-05-29,50900.0,50900.0,50900.0,50900.0,0.0
2012-05-30,50900.0,50900.0,50900.0,50900.0,1.0
2012-05-31,51410.0,51410.0,51000.0,51000.0,3017.0
2012-06-01,51220.0,51300.0,51220.0,51300.0,4.0
2012-06-04,51530.0,51530.0,51480.0,51480.0,3103.0
2012-06-05,51380.0,51380.0,51380.0,51380.0,1.0
2012-06-07,51200.0,51200.0,51180.0,51180.0,3001.0
2012-06-08,51530.0,51530.0,51350.0,51350.0,7.0
2012-06-11,51270.0,51400.0,51270.0,51400.0,4.0
2012-06-12,51400.0,51480.0,51400.0,51400.0,24.0
2012-06-13,51300.0,51300.0,51260.0,51260.0,2.0
2012-06-14,51400.0,51400.0,51400.0,51400.0,0.0
2012-06-15,51400.0,51400.0,51400.0,51400.0,0.0
2012-06-18,51230.0,51230.0,51230.0,51230.0,1.0
2012-06-19,51345.0,51345.0,51310.0,51310.0,3001.0
2012-06-20,51220.0,51220.0,51220.0,51220.0,0.0
2012-06-21,51310.0,51310.0,51310.0,51310.0,0.0
2012-06-22,51470.0,51470.0,51410.0,51410.0,3049.0
2012-06-25,51410.0,51410.0,51340.0,51380.0,29.0
2012-06-26,51470.0,51480.0,51470.0,51480.0,22.0
2012-06-27,51500.0,51500.0,51500.0,51500.0,0.0
2012-06-28,51550.0,51550.0,51550.0,51550.0,0.0
2012-06-29,51780.0,51780.0,51440.0,51570.0,271.0
2012-07-02,51350.0,51400.0,51350.0,51350.0,41.0
2012-07-03,51560.0,51580.0,51550.0,51580.0,95.0
2012-07-04,51640.0,51640.0,51620.0,51625.0,155.0
2012-07-05,51760.0,51760.0,51620.0,51620.0,349.0
2012-07-06,51805.0,51900.0,51805.0,51810.0,190.0
2012-07-09,51825.0,51905.0,51825.0,51905.0,274.0
2012-07-10,51840.0,51920.0,51840.0,51840.0,108.0
2012-07-11,51820.0,51900.0,51820.0,51900.0,16.0
2012-07-12,52750.0,52750.0,51900.0,51910.0,12060.0
2012-07-13,53050.0,53065.0,52850.0,52850.0,9270.0
2012-07-16,53050.0,53100.0,52920.0,52920.0,230.0
2012-07-17,53270.0,53270.0,53140.0,53200.0,728.0
2012-07-18,53450.0,53450.0,53200.0,53330.0,1307.0
2012-07-19,53450.0,53580.0,53450.0,53450.0,128.0
2012-07-20,53300.0,53410.0,53300.0,53400.0,597.0
2012-07-23,53650.0,53695.0,53600.0,53600.0,3691.0
2012-07-24,53750.0,53860.0,53650.0,53800.0,943.0
2012-07-25,54100.0,54100.0,53950.0,53960.0,216.0
2012-07-26,54000.0,54050.0,53960.0,54050.0,282.0
2012-07-27,53600.0,53850.0,53600.0,53850.0,1556.0
2012-07-30,53510.0,53600.0,53510.0,53600.0,252.0
2012-07-31,53900.0,53900.0,53400.0,53550.0,1705.0
2012-08-01,53650.0,53650.0,53650.0,53650.0,150.0
2012-08-02,53700.0,53730.0,53400.0,53400.0,291.0
2012-08-03,54030.0,54030.0,53905.0,53950.0,372.0
2012-08-06,53980.0,53980.0,53920.0,53920.0,104.0
2012-08-07,53995.0,53995.0,53995.0,53995.0,6.0
2012-08-08,53990.0,54010.0,53940.0,54000.0,3793.0
2012-08-09,53900.0,54010.0,53800.0,54010.0,3225.0
2012-08-10,53990.0,53990.0,53840.0,53840.0,275.0
2012-08-13,53855.0,53990.0,53855.0,53930.0,769.0
2012-08-14,53750.0,53840.0,53740.0,53750.0,320.0
2012-08-16,53200.0,53450.0,53200.0,53450.0,1275.0
2012-08-17,53400.0,53400.0,53350.0,53370.0,464.0
2012-08-20,53380.0,53380.0,53300.0,53300.0,104.0
2012-08-21,53395.0,53395.0,53350.0,53350.0,1066.0
2012-08-22,53400.0,53605.0,53400.0,53550.0,3249.0
2012-08-23,53550.0,53745.0,53550.0,53650.0,1257.0
2012-08-24,53750.0,53750.0,53650.0,53750.0,450.0
2012-08-27,53845.0,53950.0,53845.0,53950.0,842.0
2012-08-28,53960.0,53960.0,53890.0,53890.0,6.0
2012-08-29,54070.0,54070.0,53990.0,53990.0,624.0
2012-08-30,54095.0,54100.0,54070.0,54070.0,270.0
2012-08-31,54550.0,54550.0,54150.0,54150.0,1429.0
2012-09-03,54240.0,54350.0,54240.0,54350.0,799.0
2012-09-04,54255.0,54255.0,54200.0,54250.0,254.0
2012-09-05,54280.0,54280.0,54210.0,54280.0,671.0
2012-09-06,54260.0,54300.0,54260.0,54280.0,1228.0
2012-09-07,54050.0,54085.0,53950.0,53950.0,785.0
2012-09-10,54100.0,54130.0,54050.0,54130.0,165.0
2012-09-11,54250.0,54250.0,54150.0,54150.0,1046.0
2012-09-12,54050.0,54200.0,54050.0,54200.0,1186.0
2012-09-13,53930.0,54100.0,53910.0,54100.0,182.0
2012-09-14,53945.0,54000.0,53800.0,53890.0,845.0
2012-09-17,53710.0,53710.0,53590.0,53705.0,1713.0
2012-09-18,53810.0,53950.0,53800.0,53800.0,1325.0
2012-09-19,53840.0,53900.0,53825.0,53825.0,592.0
2012-09-20,54000.0,54000.0,53850.0,53950.0,25.0
2012-09-21,54045.0,54145.0,54045.0,54145.0,3593.0
2012-09-24,54075.0,54090.0,54040.0,54040.0,509.0
2012-09-25,54185.0,54200.0,54100.0,54200.0,598.0
2012-09-26,54220.0,54240.0,54170.0,54240.0,77.0
2012-09-27,54130.0,54390.0,54130.0,54390.0,1060.0
2012-09-28,54730.0,54730.0,54160.0,54160.0,204.0
2012-10-02,54410.0,54410.0,54295.0,54300.0,1999.0
2012-10-04,54520.0,54520.0,54440.0,54440.0,32.0
2012-10-05,54610.0,54610.0,54510.0,54580.0,3638.0
2012-10-08,54540.0,54590.0,54500.0,54590.0,4206.0
2012-10-09,54530.0,54560.0,54490.0,54490.0,2113.0
2012-10-10,54750.0,54750.0,54500.0,54500.0,213.0
2012-10-11,54710.0,54950.0,54710.0,54845.0,485.0
2012-10-12,54680.0,54700.0,54615.0,54700.0,1430.0
2012-10-15,54640.0,54670.0,54580.0,54630.0,350.0
2012-10-16,54630.0,54670.0,54570.0,54625.0,990.0
2012-10-17,54490.0,54550.0,54420.0,54550.0,793.0
2012-10-18,54300.0,54450.0,54300.0,54450.0,643.0
2012-10-19,54295.0,54330.0,54290.0,54290.0,128.0
2012-10-22,54330.0,54415.0,54330.0,54360.0,6296.0
2012-10-23,54230.0,54290.0,54200.0,54200.0,1136.0
2012-10-24,54350.0,54350.0,54310.0,54350.0,228.0
2012-10-25,54450.0,54450.0,54310.0,54400.0,1253.0
2012-10-26,54540.0,54540.0,54400.0,54430.0,215.0
2012-10-29,54500.0,54535.0,54500.0,54535.0,81.0
2012-10-30,54500.0,54500.0,54420.0,54480.0,157.0
2012-10-31,55080.0,55080.0,54460.0,54460.0,1823.0
2012-11-01,54630.0,54640.0,54580.0,54630.0,639.0
2012-11-02,54500.0,54550.0,54490.0,54540.0,582.0
2012-11-05,54545.0,54600.0,54445.0,54600.0,434.0
2012-11-06,54525.0,54525.0,54420.0,54420.0,712.0
2012-11-07,54550.0,54550.0,54460.0,54525.0,380.0
2012-11-08,54640.0,54640.0,54555.0,54555.0,231.0
2012-11-09,54650.0,54700.0,54650.0,54695.0,38.0
2012-11-12,54540.0,54600.0,54500.0,54500.0,954.0
2012-11-13,54620.0,54650.0,54510.0,54510.0,225.0
2012-11-14,54640.0,54700.0,54570.0,54700.0,131.0
2012-11-15,54650.0,54660.0,54640.0,54640.0,466.0
2012-11-16,54660.0,54675.0,54600.0,54670.0,3120.0
2012-11-19,54585.0,54640.0,54585.0,54640.0,36.0
2012-11-20,54540.0,54590.0,54540.0,54580.0,372.0
2012-11-21,54550.0,54600.0,54500.0,54550.0,2672.0
2012-11-22,54460.0,54600.0,54450.0,54600.0,244.0
2012-11-23,54410.0,54500.0,54340.0,54500.0,1141.0
2012-11-26,54450.0,54450.0,54410.0,54410.0,449.0
2012-11-27,54310.0,54495.0,54310.0,54420.0,1302.0
2012-11-28,54430.0,54490.0,54410.0,54410.0,69.0
2012-11-29,54445.0,54485.0,54440.0,54440.0,125.0
2012-11-30,54520.0,54565.0,54520.0,54555.0,257.0
2012-12-03,54435.0,54435.0,54390.0,54410.0,1382.0
2012-12-04,54420.0,54420.0,54380.0,54420.0,26.0
2012-12-05,54240.0,54415.0,54200.0,54415.0,304.0
2012-12-06,54245.0,54310.0,54180.0,54310.0,111.0
2012-12-07,54330.0,54360.0,54250.0,54360.0,274.0
2012-12-10,54240.0,54350.0,54240.0,54350.0,247.0
2012-12-11,54260.0,54270.0,54200.0,54215.0,208.0
2012-12-12,54240.0,54240.0,54180.0,54180.0,8.0
2012-12-13,54060.0,54220.0,54010.0,54220.0,2880.0
2012-12-14,54045.0,54100.0,54045.0,54100.0,66.0
2012-12-17,54070.0,54100.0,54060.0,54100.0,53.0
2012-12-18,53920.0,54035.0,53905.0,54035.0,3072.0
2012-12-20,53920.0,53920.0,53920.0,53920.0,1.0
2012-12-21,53970.0,53970.0,53790.0,53810.0,486.0
2012-12-24,53910.0,54000.0,53910.0,54000.0,29.0
2012-12-26,53710.0,53800.0,53680.0,53800.0,86.0
2012-12-27,53840.0,53840.0,53790.0,53790.0,29.0
2012-12-28,54200.0,54200.0,53810.0,53810.0,939.0
2013-01-02,53990.0,54000.0,53895.0,54000.0,2823.0
2013-01-03,54280.0,54300.0,53970.0,53970.0,13870.0
2013-01-04,54250.0,54300.0,54150.0,54220.0,103.0
2013-01-07,54340.0,54350.0,54250.0,54250.0,748.0
2013-01-08,54620.0,54620.0,54390.0,54420.0,393.0
2013-01-09,54640.0,54650.0,54550.0,54550.0,189.0
2013-01-10,54750.0,54750.0,54510.0,54520.0,6103.0
2013-01-11,54750.0,54750.0,54550.0,54550.0,23.0
2013-01-14,54570.0,54700.0,54570.0,54700.0,220.0
2013-01-15,54710.0,54710.0,54650.0,54650.0,100.0
2013-01-16,54790.0,54790.0,54690.0,54690.0,122.0
2013-01-17,54790.0,54900.0,54700.0,54700.0,8182.0
2013-01-18,54790.0,54790.0,54700.0,54700.0,106.0
2013-01-21,54720.0,54790.0,54720.0,54790.0,410.0
2013-01-22,54840.0,54840.0,54690.0,54690.0,282.0
2013-01-23,54800.0,54830.0,54730.0,54830.0,93.0
2013-01-24,54790.0,54820.0,54790.0,54800.0,1082.0
2013-01-25,54770.0,54870.0,54770.0,54870.0,70.0
2013-01-28,54810.0,54960.0,54810.0,54860.0,351.0
2013-01-29,54700.0,54770.0,54670.0,54670.0,47.0
2013-01-30,54600.0,54600.0,54600.0,54600.0,2.0
2013-01-31,54515.0,54550.0,54510.0,54510.0,66.0
2013-02-01,54490.0,54550.0,54490.0,54490.0,184.0
2013-02-04,54410.0,54445.0,54285.0,54385.0,2500.0
2013-02-05,54635.0,54670.0,54465.0,54465.0,201.0
2013-02-06,54635.0,54635.0,54590.0,54590.0,343.0
2013-02-07,54785.0,54800.0,54650.0,54650.0,1486.0
2013-02-08,54720.0,54750.0,54670.0,54670.0,179.0
2013-02-12,54790.0,54840.0,54740.0,54740.0,397.0
2013-02-13,54735.0,54805.0,54690.0,54790.0,1476.0
2013-02-14,54615.0,54725.0,54530.0,54625.0,593.0
2013-02-15,54690.0,54690.0,54590.0,54590.0,70.0
2013-02-18,54735.0,54785.0,54675.0,54675.0,428.0
2013-02-19,54860.0,54860.0,54735.0,54735.0,875.0
2013-02-20,54820.0,54915.0,54820.0,54885.0,2405.0
2013-02-21,54975.0,54975.0,54860.0,54860.0,77.0
2013-02-22,54935.0,54990.0,54875.0,54980.0,1075.0
2013-02-25,54980.0,55015.0,54965.0,54965.0,524.0
2013-02-26,55185.0,55185.0,55075.0,55085.0,329.0
2013-02-27,55355.0,55355.0,55180.0,55180.0,497.0
2013-02-28,55345.0,55390.0,55245.0,55340.0,3654.0
2013-03-04,55345.0,55360.0,55265.0,55320.0,2570.0
2013-03-05,55320.0,55335.0,55285.0,55335.0,468.0
2013-03-06,55340.0,55355.0,55310.0,55335.0,209.0
2013-03-07,55135.0,55305.0,55135.0,55305.0,1314.0
2013-03-08,55170.0,55170.0,55090.0,55165.0,107.0
2013-03-11,55095.0,55095.0,55025.0,55050.0,73.0
2013-03-12,55320.0,55375.0,55220.0,55250.0,126.0
2013-03-13,55310.0,55395.0,55290.0,55290.0,219.0
2013-03-14,55240.0,55415.0,55240.0,55415.0,325.0
2013-03-15,55415.0,55415.0,55295.0,55295.0,28.0
2013-03-18,55580.0,55605.0,55405.0,55445.0,2151.0
2013-03-19,55575.0,55575.0,55540.0,55550.0,184.0
2013-03-20,55460.0,55645.0,55460.0,55645.0,1371.0
2013-03-21,55510.0,55510.0,55450.0,55465.0,51.0
2013-03-22,55625.0,55645.0,55590.0,55590.0,389.0
2013-03-25,55655.0,55690.0,55630.0,55630.0,141.0
2013-03-26,55650.0,55655.0,55610.0,55655.0,829.0
2013-03-27,55650.0,55650.0,55625.0,55625.0,850.0
2013-03-28,56150.0,56150.0,55810.0,55810.0,71.0
2013-03-29,56065.0,56245.0,55950.0,56245.0,2174.0
2013-04-01,55990.0,56050.0,55815.0,55925.0,1926.0
2013-04-02,55985.0,56010.0,55965.0,55975.0,1154.0
2013-04-03,56065.0,56085.0,56040.0,56040.0,166.0
2013-04-04,56090.0,56200.0,56055.0,56075.0,1239.0
2013-04-05,56200.0,56200.0,56040.0,56040.0,483.0
2013-04-08,56175.0,56330.0,56165.0,56165.0,1185.0
2013-04-09,56120.0,56190.0,56120.0,56190.0,487.0
2013-04-10,56100.0,56145.0,56065.0,56065.0,228.0
2013-04-11,55500.0,56075.0,55500.0,56075.0,12628.0
2013-04-12,55345.0,55470.0,55295.0,55470.0,3141.0
2013-04-15,55445.0,55460.0,55385.0,55425.0,1424.0
2013-04-16,55760.0,55830.0,55470.0,55470.0,1762.0
2013-04-17,55775.0,59745.0,55680.0,59745.0,1633.0
2013-04-18,55910.0,55910.0,55760.0,55760.0,1979.0
2013-04-19,55950.0,56020.0,55915.0,55940.0,1536.0
2013-04-22,55955.0,55970.0,55915.0,55940.0,480.0
2013-04-23,56020.0,56055.0,55900.0,55925.0,149.0
2013-04-24,56010.0,56010.0,55940.0,55985.0,865.0
2013-04-25,56150.0,56170.0,56000.0,56000.0,3322.0
2013-04-26,56310.0,56335.0,56175.0,56180.0,5321.0
2013-04-29,56335.0,56455.0,56270.0,56270.0,1828.0
2013-04-30,56415.0,56505.0,56270.0,56270.0,502.0
2013-05-02,56680.0,56760.0,56425.0,56425.0,1121.0
2013-05-03,56615.0,56670.0,56590.0,56625.0,1840.0
2013-05-06,56335.0,56590.0,56330.0,56590.0,2759.0
2013-05-07,56345.0,56430.0,56245.0,56305.0,4015.0
2013-05-08,56225.0,56405.0,56175.0,56320.0,2596.0
2013-05-09,56140.0,56630.0,56140.0,56265.0,6574.0
2013-05-10,55995.0,56120.0,55955.0,56120.0,1488.0
2013-05-13,55990.0,56015.0,55875.0,56015.0,1244.0
2013-05-14,56095.0,56125.0,55970.0,55970.0,1312.0
2013-05-15,55895.0,56015.0,55895.0,55970.0,771.0
2013-05-16,56020.0,56025.0,55950.0,56025.0,931.0
2013-05-20,55860.0,55985.0,55855.0,55985.0,240.0
2013-05-21,55900.0,56015.0,55900.0,56015.0,350.0
2013-05-22,55830.0,55900.0,55830.0,55900.0,140.0
2013-05-23,55800.0,55800.0,55515.0,55800.0,2080.0
2013-05-24,55835.0,55930.0,55715.0,55765.0,404.0
2013-05-27,55860.0,55995.0,55860.0,55950.0,594.0
2013-05-28,55830.0,55890.0,55790.0,55890.0,123.0
2013-05-29,55295.0,55880.0,55220.0,55880.0,2498.0
2013-05-30,55305.0,55400.0,55300.0,55365.0,309.0
2013-05-31,55040.0,55350.0,55040.0,55350.0,1579.0
2013-06-03,55075.0,55120.0,55075.0,55120.0,699.0
2013-06-04,55140.0,55175.0,55100.0,55120.0,1503.0
2013-06-05,54865.0,55010.0,54825.0,55010.0,679.0
2013-06-07,55040.0,55075.0,54995.0,55020.0,302.0
2013-06-10,54870.0,55055.0,54765.0,55055.0,353.0
2013-06-11,54935.0,54965.0,54875.0,54955.0,444.0
2013-06-12,54375.0,54880.0,54375.0,54765.0,1430.0
2013-06-13,54545.0,54600.0,54210.0,54250.0,1613.0
2013-06-14,54795.0,54850.0,54725.0,54725.0,485.0
2013-06-17,54730.0,54875.0,54630.0,54875.0,13.0
2013-06-18,54895.0,54895.0,54420.0,54430.0,696.0
2013-06-19,54800.0,54960.0,54790.0,54845.0,1085.0
2013-06-20,53965.0,54590.0,53755.0,54590.0,4405.0
2013-06-21,53465.0,53970.0,53465.0,53970.0,595.0
2013-06-24,53000.0,53430.0,53000.0,53430.0,1889.0
2013-06-25,53345.0,53345.0,53230.0,53305.0,1242.0
2013-06-26,53435.0,53825.0,53320.0,53320.0,1125.0
2013-06-27,54015.0,54095.0,53870.0,53870.0,196.0
2013-06-28,54085.0,54230.0,53895.0,53895.0,490.0
2013-07-01,53740.0,54015.0,53675.0,53985.0,306.0
2013-07-02,54030.0,54040.0,53690.0,53690.0,481.0
2013-07-03,53785.0,53975.0,53785.0,53975.0,29.0
2013-07-04,53740.0,53795.0,53740.0,53755.0,47.0
2013-07-05,53565.0,53690.0,53565.0,53690.0,495.0
2013-07-08,53115.0,53300.0,52655.0,53300.0,433.0
2013-07-09,53345.0,53460.0,53330.0,53375.0,1251.0
2013-07-10,53750.0,53750.0,53310.0,53340.0,138.0
2013-07-11,54280.0,54280.0,53980.0,54100.0,1375.0
2013-07-12,54325.0,54380.0,54125.0,54160.0,422.0
2013-07-15,53935.0,54300.0,53935.0,54300.0,777.0
2013-07-16,54015.0,54115.0,54015.0,54025.0,77.0
2013-07-17,53850.0,53960.0,53850.0,53960.0,506.0
2013-07-18,54180.0,54180.0,54175.0,54175.0,51.0
2013-07-19,54105.0,54105.0,54105.0,54105.0,5.0
2013-07-22,54175.0,54225.0,54060.0,54180.0,605.0
2013-07-23,54180.0,54285.0,54075.0,54180.0,1383.0
2013-07-24,54000.0,54380.0,54000.0,54380.0,239.0
2013-07-25,53665.0,54455.0,53655.0,54455.0,1036.0
2013-07-26,53685.0,54110.0,53685.0,54110.0,616.0
2013-07-29,53940.0,53940.0,53785.0,53785.0,51.0
2013-07-30,54005.0,54010.0,53850.0,53850.0,135.0
2013-07-31,53805.0,54160.0,53805.0,54160.0,14.0
2013-08-01,53865.0,53990.0,53865.0,53945.0,88.0
2013-08-02,53440.0,53505.0,53430.0,53490.0,74.0
2013-08-05,53820.0,53875.0,53440.0,53440.0,29.0
2013-08-06,53815.0,53815.0,53815.0,53815.0,0.0
2013-08-07,53535.0,53585.0,53530.0,53585.0,40.0
2013-08-08,53525.0,53545.0,53510.0,53545.0,358.0
2013-08-09,53540.0,53540.0,53540.0,53540.0,104.0
2013-08-12,53760.0,53760.0,53550.0,53595.0,93.0
2013-08-13,53675.0,53675.0,53675.0,53675.0,0.0
2013-08-14,53310.0,53410.0,53310.0,53385.0,151.0
2013-08-16,53030.0,53180.0,52935.0,53180.0,256.0
2013-08-19,52965.0,53060.0,52900.0,53060.0,46.0
2013-08-20,53445.0,53445.0,53225.0,53225.0,13.0
2013-08-21,53470.0,53470.0,53360.0,53360.0,4.0
2013-08-22,52980.0,53050.0,52980.0,53050.0,44.0
2013-08-23,53080.0,53100.0,53080.0,53100.0,13.0
2013-08-26,53365.0,53425.0,53365.0,53425.0,2.0
2013-08-27,53415.0,53480.0,53340.0,53480.0,60.0
2013-08-28,53730.0,53765.0,53630.0,53630.0,1186.0
2013-08-29,53735.0,53845.0,53590.0,53605.0,209.0
2013-08-30,53945.0,53945.0,53825.0,53825.0,252.0
2013-09-02,53735.0,53910.0,53710.0,53910.0,146.0
2013-09-03,53735.0,53795.0,53685.0,53685.0,124.0
2013-09-04,53495.0,53575.0,53495.0,53575.0,33.0
2013-09-05,53265.0,53480.0,53265.0,53390.0,1678.0
2013-09-06,53265.0,53265.0,53065.0,53180.0,2722.0
2013-09-09,53680.0,53740.0,53155.0,53155.0,186.0
2013-09-10,53795.0,53815.0,53695.0,53695.0,10.0
2013-09-11,53805.0,53805.0,53625.0,53635.0,1025.0
2013-09-12,53930.0,54075.0,53865.0,53865.0,67.0
2013-09-13,53875.0,53960.0,53875.0,53930.0,2142.0
2013-09-16,54155.0,54225.0,54155.0,54225.0,1021.0
2013-09-17,54420.0,54420.0,54185.0,54185.0,123.0
2013-09-23,54760.0,54815.0,54500.0,54600.0,1863.0
2013-09-24,54830.0,54830.0,54745.0,54745.0,92.0
2013-09-25,54835.0,54895.0,54835.0,54895.0,438.0
2013-09-26,54735.0,54735.0,54735.0,54735.0,10.0
2013-09-27,54610.0,54610.0,54610.0,54610.0,30.0
2013-09-30,54660.0,54660.0,54660.0,54660.0,0.0
2013-10-01,54655.0,54710.0,54655.0,54710.0,25.0
2013-10-02,54720.0,54720.0,54510.0,54510.0,102.0
2013-10-04,54745.0,54770.0,54745.0,54765.0,272.0
2013-10-07,54685.0,54790.0,54685.0,54790.0,2.0
2013-10-08,54605.0,54710.0,54605.0,54710.0,66.0
2013-10-10,54535.0,54535.0,54535.0,54535.0,3.0
2013-10-11,54370.0,54370.0,54360.0,54360.0,6.0
2013-10-14,54235.0,54380.0,54235.0,54380.0,16.0
2013-10-15,54340.0,54360.0,54235.0,54235.0,135.0
2013-10-16,54330.0,54330.0,54100.0,54100.0,26.0
2013-10-17,54570.0,54570.0,54510.0,54510.0,12.0
2013-10-18,54730.0,54740.0,54665.0,54665.0,7.0
2013-10-21,54730.0,54730.0,54730.0,54730.0,0.0
2013-10-22,54740.0,54785.0,54615.0,54655.0,47.0
2013-10-23,55210.0,55210.0,55010.0,55010.0,324.0
2013-10-24,55050.0,55245.0,55050.0,55170.0,24.0
2013-10-25,55100.0,55105.0,55050.0,55050.0,188.0
2013-10-28,55000.0,55015.0,55000.0,55015.0,110.0
2013-10-29,55000.0,55000.0,55000.0,55000.0,0.0
2013-10-30,55085.0,55110.0,55080.0,55110.0,40.0
2013-10-31,54965.0,54965.0,54940.0,54940.0,78.0
2013-11-01,54790.0,54965.0,54790.0,54965.0,183.0
2013-11-04,54650.0,54650.0,54650.0,54650.0,1.0
2013-11-05,54765.0,54765.0,54765.0,54765.0,1.0
2013-11-06,54375.0,54420.0,54375.0,54420.0,4.0
2013-11-07,54520.0,54520.0,54520.0,54520.0,14.0
2013-11-08,54645.0,54705.0,54645.0,54705.0,4.0
2013-11-11,54260.0,54260.0,54260.0,54260.0,0.0
2013-11-12,54150.0,54150.0,54150.0,54150.0,6.0
2013-11-13,54335.0,54380.0,54230.0,54270.0,14.0
2013-11-14,54380.0,54445.0,54375.0,54445.0,6.0
2013-11-15,54305.0,54345.0,54290.0,54330.0,21.0
2013-11-18,54305.0,54305.0,54305.0,54305.0,0.0
2013-11-19,54330.0,54330.0,54330.0,54330.0,5.0
2013-11-20,54110.0,54115.0,54045.0,54050.0,14.0
2013-11-21,53825.0,53865.0,53795.0,53835.0,4.0
2013-11-22,53870.0,53910.0,53870.0,53890.0,13.0
2013-11-25,54160.0,54160.0,54055.0,54080.0,115.0
2013-11-26,54080.0,54170.0,54080.0,54150.0,6.0
2013-11-27,54175.0,54230.0,54175.0,54230.0,134.0
2013-11-28,54025.0,54065.0,54025.0,54065.0,2.0
2013-11-29,53945.0,54075.0,53895.0,54075.0,411.0
2013-12-02,53725.0,53945.0,53700.0,53945.0,306.0
2013-12-03,53770.0,53770.0,53690.0,53770.0,337.0
2013-12-04,53815.0,53815.0,53815.0,53815.0,0.0
2013-12-05,53675.0,53800.0,53675.0,53800.0,113.0
2013-12-06,53675.0,53680.0,53595.0,53680.0,53.0
2013-12-09,53935.0,53935.0,53935.0,53935.0,0.0
2013-12-10,54025.0,54065.0,53925.0,53990.0,472.0
2013-12-11,53930.0,53985.0,53930.0,53985.0,6.0
2013-12-12,53815.0,53815.0,53815.0,53815.0,2.0
2013-12-13,53950.0,53950.0,53835.0,53835.0,45.0
2013-12-16,54265.0,54265.0,54000.0,54000.0,40.0
2013-12-17,54240.0,54240.0,54240.0,54240.0,1.0
2013-12-18,54355.0,54355.0,54355.0,54355.0,0.0
2013-12-19,54200.0,54295.0,54200.0,54295.0,8.0
2013-12-20,54260.0,54260.0,54205.0,54205.0,101.0
2013-12-23,54420.0,54420.0,54390.0,54395.0,127.0
2013-12-24,54480.0,54480.0,54480.0,54480.0,5.0
2013-12-26,54515.0,54515.0,54480.0,54480.0,12.0
2013-12-27,54470.0,62685.0,54470.0,62685.0,13.0
2013-12-30,54715.0,54715.0,54715.0,54715.0,30.0
2014-01-02,54125.0,54540.0,54125.0,54540.0,168.0
2014-01-03,53955.0,54125.0,53955.0,54125.0,63.0
2014-01-06,54240.0,54240.0,54135.0,54135.0,4.0
2014-01-07,54225.0,54225.0,54225.0,54225.0,1.0
2014-01-08,54225.0,54225.0,54225.0,54225.0,1.0
2014-01-09,54180.0,54260.0,54180.0,54260.0,21.0
2014-01-10,54265.0,54265.0,54195.0,54195.0,1008.0
2014-01-13,54575.0,54575.0,54570.0,54570.0,18.0
2014-01-14,54380.0,54380.0,54365.0,54365.0,10.0
2014-01-15,54270.0,54270.0,54215.0,54215.0,14.0
2014-01-16,54320.0,54320.0,54320.0,54320.0,1.0
2014-01-17,54365.0,54365.0,54345.0,54345.0,28.0
2014-01-20,54355.0,54365.0,54355.0,54365.0,4.0
2014-01-21,54300.0,54305.0,54300.0,54305.0,427.0
2014-01-22,54210.0,54210.0,54210.0,54210.0,0.0
2014-01-23,54240.0,54240.0,54205.0,54205.0,1197.0
2014-01-24,54620.0,54620.0,54620.0,54620.0,150.0
2014-01-27,54680.0,54765.0,54680.0,54765.0,13.0
2014-01-28,54560.0,54565.0,54550.0,54565.0,40.0
2014-01-29,54445.0,54445.0,54445.0,54445.0,165.0
2014-02-03,54635.0,54635.0,54535.0,54535.0,64.0
2014-02-04,54855.0,54855.0,54780.0,54820.0,445.0
2014-02-05,54980.0,54980.0,54855.0,54855.0,70.0
2014-02-06,54755.0,54780.0,54750.0,54780.0,83.0
2014-02-07,54830.0,54830.0,54830.0,54830.0,273.0
2014-02-10,54840.0,54840.0,54840.0,54840.0,2.0
2014-02-11,54950.0,54950.0,54950.0,54950.0,0.0
2014-02-12,54915.0,54960.0,54915.0,54960.0,75.0
2014-02-13,55025.0,55025.0,54965.0,54965.0,21.0
2014-02-14,55050.0,55050.0,55050.0,55050.0,1.0
2014-02-17,55115.0,55115.0,55115.0,55115.0,22.0
2014-02-18,55045.0,55045.0,55045.0,55045.0,10.0
2014-02-19,55110.0,55135.0,55105.0,55105.0,32.0
2014-02-20,55200.0,55200.0,55200.0,55200.0,6.0
2014-02-21,55070.0,55070.0,55025.0,55025.0,16.0
2014-02-24,55090.0,55090.0,55070.0,55070.0,11.0
2014-02-25,55155.0,55160.0,55155.0,55160.0,26.0
2014-02-26,55165.0,55200.0,55165.0,55200.0,19.0
2014-02-27,55125.0,55175.0,55125.0,55155.0,88.0
2014-02-28,55140.0,55140.0,55140.0,55140.0,2.0
2014-03-03,54940.0,55195.0,54940.0,55195.0,1022.0
2014-03-04,54940.0,54960.0,54940.0,54960.0,54.0
2014-03-05,54875.0,54875.0,54875.0,54875.0,0.0
2014-03-06,54880.0,54880.0,54880.0,54880.0,0.0
2014-03-07,54860.0,54860.0,54860.0,54860.0,1.0
2014-03-10,54840.0,54840.0,54840.0,54840.0,60.0
2014-03-11,54920.0,54920.0,54885.0,54885.0,23.0
2014-03-12,55060.0,55060.0,54980.0,54980.0,23.0
2014-03-13,55155.0,55155.0,55155.0,55155.0,1.0
2014-03-14,55290.0,55290.0,55230.0,55230.0,8.0
2014-03-17,55215.0,55215.0,55215.0,55215.0,0.0
2014-03-18,55155.0,55155.0,55155.0,55155.0,1.0
2014-03-19,55305.0,55305.0,55180.0,55180.0,15001.0
2014-03-20,55130.0,55130.0,55130.0,55130.0,20.0
2014-03-21,55160.0,55160.0,55160.0,55160.0,10.0
2014-03-24,55135.0,55135.0,55135.0,55135.0,20.0
2014-03-25,55130.0,55130.0,55130.0,55130.0,30.0
2014-03-26,55150.0,55150.0,55110.0,55110.0,23.0
2014-03-27,55270.0,55275.0,55270.0,55275.0,20.0
2014-03-28,55300.0,55300.0,55300.0,55300.0,0.0
2014-03-31,55300.0,55300.0,55300.0,55300.0,105.0
2014-04-01,55255.0,55285.0,55240.0,55285.0,353.0
2014-04-02,55130.0,55130.0,55130.0,55130.0,1.0
2014-04-03,55040.0,55040.0,55040.0,55040.0,6.0
2014-04-04,55145.0,55145.0,55115.0,55115.0,19.0
2014-04-07,55240.0,55265.0,55225.0,55255.0,359.0
2014-04-08,55250.0,55250.0,55250.0,55250.0,0.0
2014-04-09,55375.0,55375.0,55375.0,55375.0,2.0
2014-04-10,55275.0,55275.0,55275.0,55275.0,0.0
2014-04-11,55280.0,55280.0,55280.0,55280.0,20.0
2014-04-14,55290.0,55290.0,55280.0,55280.0,220.0
2014-04-15,55290.0,55290.0,55290.0,55290.0,1.0
2014-04-16,55285.0,55365.0,55270.0,55365.0,9.0
2014-04-17,55330.0,55330.0,55280.0,55280.0,504.0
2014-04-18,55255.0,55255.0,55255.0,55255.0,5.0
2014-04-21,55255.0,55255.0,55255.0,55255.0,0.0
2014-04-22,55245.0,55245.0,55245.0,55245.0,20.0
2014-04-23,55310.0,55310.0,55310.0,55310.0,2.0
2014-04-24,55335.0,55335.0,55280.0,55280.0,32.0
2014-04-25,55390.0,55390.0,55390.0,55390.0,0.0
2014-04-28,55410.0,55410.0,55410.0,55410.0,0.0
2014-04-29,55410.0,55410.0,55410.0,55410.0,110.0
2014-04-30,55420.0,55420.0,55420.0,55420.0,0.0
2014-05-02,55540.0,55540.0,55540.0,55540.0,71.0
2014-05-07,55690.0,55690.0,55545.0,55545.0,349.0
2014-05-08,55830.0,55845.0,55830.0,55845.0,37.0
2014-05-09,55790.0,55790.0,55790.0,55790.0,22.0
2014-05-12,55865.0,55865.0,55865.0,55865.0,60.0
2014-05-13,55870.0,55870.0,55870.0,55870.0,0.0
2014-05-14,55870.0,55870.0,55870.0,55870.0,0.0
2014-05-15,56155.0,56165.0,56020.0,56020.0,190.0
2014-05-16,56155.0,56155.0,56155.0,56155.0,0.0
2014-05-19,56115.0,56115.0,56115.0,56115.0,110.0
2014-05-20,56155.0,56155.0,56155.0,56155.0,4.0
2014-05-21,56230.0,56230.0,56230.0,56230.0,0.0
2014-05-22,56090.0,56090.0,56090.0,56090.0,15.0
2014-05-23,56145.0,56145.0,56120.0,56120.0,48.0
2014-05-26,56255.0,56255.0,56190.0,56190.0,29.0
2014-05-27,56325.0,56350.0,56300.0,56320.0,167.0
2014-05-28,56360.0,56360.0,56360.0,56360.0,0.0
2014-05-29,56465.0,56465.0,56465.0,56465.0,20.0
2014-05-30,56430.0,56455.0,56430.0,56445.0,742.0
2014-06-02,56350.0,56350.0,56350.0,56350.0,0.0
2014-06-03,56295.0,56295.0,56295.0,56295.0,0.0
2014-06-05,56185.0,56185.0,56185.0,56185.0,4.0
2014-06-09,56255.0,56255.0,56230.0,56230.0,276.0
2014-06-10,56380.0,56380.0,56345.0,56345.0,24.0
2014-06-11,56430.0,56430.0,56430.0,56430.0,6.0
2014-06-12,56575.0,56575.0,56575.0,56575.0,1.0
2014-06-13,56625.0,56625.0,56590.0,56590.0,6.0
2014-06-16,56625.0,56670.0,56625.0,56635.0,154.0
2014-06-17,56715.0,56715.0,56715.0,56715.0,50.0
2014-06-18,56715.0,56715.0,56715.0,56715.0,0.0
2014-06-19,56885.0,56885.0,56885.0,56885.0,0.0
2014-06-20,57000.0,57000.0,56920.0,56920.0,300.0
2014-06-23,57120.0,57120.0,57095.0,57095.0,82.0
2014-06-24,57050.0,57050.0,57050.0,57050.0,2.0
2014-06-25,57245.0,57270.0,57210.0,57210.0,353.0
2014-06-26,57090.0,57110.0,57090.0,57110.0,49.0
2014-06-27,57250.0,57250.0,57250.0,57250.0,3.0
2014-06-30,57300.0,57330.0,57300.0,57325.0,514.0
2014-07-01,57345.0,57345.0,57345.0,57345.0,0.0
2014-07-02,57640.0,57640.0,57640.0,57640.0,0.0
2014-07-03,57710.0,57710.0,57700.0,57700.0,19.0
2014-07-04,57705.0,57710.0,57705.0,57710.0,16.0
2014-07-07,57615.0,57630.0,57585.0,57630.0,72.0
2014-07-08,57495.0,57610.0,57495.0,57610.0,101.0
2014-07-09,57485.0,57485.0,57485.0,57485.0,232.0
2014-07-10,57820.0,57820.0,57820.0,57820.0,0.0
2014-07-11,57865.0,57905.0,57865.0,57905.0,350.0
2014-07-14,57880.0,57935.0,57880.0,57935.0,30.0
2014-07-15,57955.0,57990.0,57950.0,57950.0,157.0
2014-07-16,58095.0,58110.0,58095.0,58110.0,101.0
2014-07-17,58460.0,58460.0,58415.0,58425.0,152.0
2014-07-18,58410.0,58410.0,58410.0,58410.0,5.0
2014-07-21,58305.0,58405.0,58300.0,58405.0,1165.0
2014-07-22,58305.0,58305.0,58305.0,58305.0,0.0
2014-07-23,58480.0,58480.0,58480.0,58480.0,169.0
2014-07-24,58350.0,58540.0,58350.0,58540.0,129.0
2014-07-25,58240.0,58295.0,58180.0,58225.0,685.0
2014-07-28,58320.0,58375.0,58250.0,58250.0,671.0
2014-07-29,58200.0,58240.0,58200.0,58240.0,3.0
2014-07-30,58175.0,58285.0,58135.0,58285.0,6.0
2014-07-31,58045.0,58045.0,58010.0,58035.0,34.0
2014-08-01,57940.0,58105.0,57940.0,58105.0,243.0
2014-08-04,57880.0,57975.0,57880.0,57940.0,934.0
2014-08-05,57920.0,57920.0,57890.0,57905.0,16.0
2014-08-06,58025.0,58025.0,58025.0,58025.0,3.0
2014-08-07,57995.0,58040.0,57950.0,57950.0,41.0
2014-08-08,58240.0,58240.0,58065.0,58065.0,38.0
2014-08-11,58185.0,58185.0,58185.0,58185.0,0.0
2014-08-12,58135.0,58165.0,58135.0,58155.0,366.0
2014-08-13,58135.0,58205.0,58135.0,58205.0,2757.0
2014-08-14,57990.0,58105.0,57940.0,58105.0,802.0
2014-08-18,58000.0,58160.0,57800.0,57800.0,630.0
2014-08-19,57830.0,57830.0,57830.0,57830.0,500.0
2014-08-20,57695.0,57735.0,57695.0,57735.0,46.0
2014-08-21,57710.0,57710.0,57695.0,57695.0,4.0
2014-08-22,57725.0,57725.0,57710.0,57710.0,57.0
2014-08-25,57885.0,57885.0,57885.0,57885.0,0.0
2014-08-26,58100.0,58145.0,58015.0,58015.0,598.0
2014-08-27,58190.0,58190.0,58160.0,58160.0,1222.0
2014-08-28,58255.0,58260.0,58255.0,58260.0,124.0
2014-08-29,58270.0,58270.0,58270.0,58270.0,22.0
2014-09-01,58290.0,58290.0,58270.0,58280.0,111.0
2014-09-02,58190.0,58190.0,58190.0,58190.0,1.0
2014-09-03,57970.0,58010.0,57970.0,58010.0,8.0
2014-09-04,57965.0,57965.0,57965.0,57965.0,5.0
2014-09-05,58125.0,58190.0,57915.0,57920.0,538.0
2014-09-11,58065.0,58115.0,58065.0,58080.0,380.0
2014-09-12,58340.0,58340.0,58175.0,58200.0,31.0
2014-09-15,58315.0,58425.0,58290.0,58365.0,360.0
2014-09-16,58460.0,58460.0,58300.0,58300.0,192.0
2014-09-17,58385.0,58385.0,58355.0,58355.0,64.0
2014-09-18,58535.0,58570.0,58530.0,58540.0,85.0
2014-09-19,58525.0,58535.0,58525.0,58535.0,18.0
2014-09-22,58705.0,58720.0,58660.0,58665.0,582.0
2014-09-23,58800.0,58825.0,58800.0,58825.0,27.0
2014-09-24,58885.0,58885.0,58800.0,58800.0,11.0
2014-09-25,58850.0,58850.0,58775.0,58775.0,500.0
2014-09-26,58960.0,58975.0,58930.0,58930.0,61.0
2014-09-29,59065.0,59065.0,58960.0,58960.0,55.0
2014-09-30,59270.0,59270.0,59265.0,59265.0,121.0
2014-10-01,59480.0,59510.0,59475.0,59500.0,130.0
2014-10-02,59400.0,59785.0,59400.0,59740.0,220.0
2014-10-06,59390.0,59390.0,59335.0,59360.0,1067.0
2014-10-07,59395.0,59480.0,59330.0,59480.0,24.0
2014-10-08,59375.0,59375.0,59350.0,59355.0,59.0
2014-10-10,59550.0,59550.0,59465.0,59465.0,357.0
2014-10-13,59520.0,59615.0,59520.0,59615.0,1018.0
2014-10-14,59490.0,59510.0,59475.0,59510.0,46.0
2014-10-15,59550.0,59800.0,59550.0,59630.0,1324.0
2014-10-16,59815.0,59860.0,59815.0,59860.0,643.0
2014-10-17,59895.0,59895.0,59830.0,59830.0,17.0
2014-10-20,59805.0,59850.0,59805.0,59850.0,52.0
2014-10-21,59880.0,59920.0,59825.0,59825.0,58.0
2014-10-22,59900.0,59900.0,59870.0,59870.0,48.0
2014-10-23,60055.0,60080.0,60010.0,60010.0,1061.0
2014-10-24,60230.0,60230.0,60040.0,60040.0,358.0
2014-10-27,60140.0,60150.0,60115.0,60120.0,99.0
2014-10-28,60080.0,60150.0,60055.0,60150.0,27.0
2014-10-29,60200.0,60200.0,60110.0,60110.0,85.0
2014-10-30,60290.0,60290.0,60175.0,60180.0,42.0
2014-10-31,60405.0,60405.0,60265.0,60290.0,115.0
2014-11-03,60445.0,60465.0,60370.0,60430.0,373.0
2014-11-04,60590.0,60655.0,60540.0,60540.0,630.0
2014-11-05,60555.0,60625.0,60540.0,60625.0,58.0
2014-11-06,60475.0,60610.0,60475.0,60525.0,548.0
2014-11-07,60425.0,60445.0,60400.0,60445.0,722.0
2014-11-10,60365.0,60470.0,60365.0,60450.0,27.0
2014-11-11,60200.0,60210.0,60160.0,60160.0,750.0
2014-11-12,59990.0,60145.0,59955.0,60145.0,222.0
2014-11-13,59805.0,60075.0,59805.0,60075.0,570.0
2014-11-14,59885.0,59915.0,59870.0,59915.0,22.0
2014-11-17,59905.0,59905.0,59825.0,59835.0,27.0
2014-11-18,60055.0,60070.0,60055.0,60060.0,261.0
2014-11-19,60165.0,60165.0,60070.0,60070.0,14.0
2014-11-20,60230.0,60230.0,60230.0,60230.0,10.0
2014-11-21,60225.0,60235.0,60225.0,60235.0,132.0
2014-11-24,60415.0,60415.0,60225.0,60315.0,158.0
2014-11-25,60600.0,60630.0,60465.0,60465.0,124.0
2014-11-26,60700.0,60760.0,60625.0,60680.0,118.0
2014-11-27,60650.0,60705.0,60650.0,60705.0,292.0
2014-11-28,60880.0,60880.0,60755.0,60755.0,168.0
2014-12-01,60870.0,61070.0,60870.0,60910.0,1122.0
2014-12-02,60870.0,60880.0,60870.0,60880.0,15.0
2014-12-03,60590.0,60780.0,60590.0,60760.0,267.0
2014-12-04,60150.0,60450.0,60005.0,60450.0,1285.0
2014-12-05,60235.0,60255.0,60110.0,60215.0,123.0
2014-12-08,59990.0,60090.0,59935.0,60090.0,266.0
2014-12-09,60165.0,60165.0,59995.0,59995.0,1185.0
2014-12-10,60085.0,60360.0,60030.0,60080.0,855.0
2014-12-11,60350.0,60370.0,60160.0,60295.0,1012.0
2014-12-12,60435.0,60440.0,60420.0,60440.0,56.0
2014-12-15,60440.0,60610.0,60440.0,60570.0,188.0
2014-12-16,60575.0,60575.0,60395.0,60395.0,202.0
2014-12-17,60395.0,60540.0,60395.0,60540.0,22.0
2014-12-18,60245.0,60340.0,60245.0,60290.0,23.0
2014-12-19,60255.0,60255.0,60165.0,60165.0,31.0
2014-12-22,60480.0,60480.0,60290.0,60365.0,42.0
2014-12-23,60520.0,60700.0,60520.0,60700.0,14.0
2014-12-24,60540.0,60540.0,60390.0,60390.0,234.0
2014-12-26,60675.0,60675.0,60620.0,60620.0,43.0
2014-12-29,60870.0,60870.0,60675.0,60725.0,181.0
2014-12-30,60895.0,60915.0,60870.0,60915.0,1772.0
2015-01-02,60710.0,60775.0,60710.0,60750.0,344.0
2015-01-05,60870.0,60870.0,60860.0,60870.0,41.0
2015-01-06,61205.0,61210.0,60905.0,60905.0,309.0
2015-01-07,61175.0,61270.0,61175.0,61270.0,415.0
2015-01-08,61095.0,61165.0,61040.0,61165.0,132.0
2015-01-09,61295.0,61295.0,61175.0,61175.0,14.0
2015-01-12,61660.0,61680.0,61385.0,61385.0,119.0
2015-01-13,61775.0,61890.0,61775.0,61825.0,52.0
2015-01-14,62125.0,62125.0,61780.0,61845.0,739.0
2015-01-15,61720.0,62055.0,61720.0,62055.0,1549.0
2015-01-16,62370.0,62445.0,62230.0,62260.0,166.0
2015-01-19,62100.0,62170.0,61955.0,62130.0,511.0
2015-01-20,62165.0,62200.0,62080.0,62190.0,132.0
2015-01-21,62165.0,62285.0,62160.0,62230.0,201.0
2015-01-22,61990.0,62020.0,61900.0,61990.0,381.0
2015-01-23,62380.0,62380.0,62170.0,62170.0,366.0
2015-01-26,62465.0,62645.0,62465.0,62555.0,181.0
2015-01-27,62505.0,62535.0,62410.0,62420.0,1470.0
2015-01-28,62660.0,62720.0,62570.0,62580.0,477.0
2015-01-29,62915.0,62915.0,62765.0,62860.0,496.0
2015-01-30,62810.0,62955.0,62775.0,62775.0,310.0
2015-02-02,62805.0,62965.0,62785.0,62960.0,288.0
2015-02-03,63010.0,63010.0,62805.0,62805.0,659.0
2015-02-04,62760.0,63095.0,62660.0,63095.0,501.0
2015-02-05,62665.0,62975.0,62665.0,62850.0,1377.0
2015-02-06,62625.0,62640.0,62555.0,62640.0,1714.0
2015-02-09,62545.0,62545.0,62360.0,62360.0,277.0
2015-02-10,62205.0,62325.0,62205.0,62325.0,191.0
2015-02-11,62300.0,62355.0,62240.0,62245.0,486.0
2015-02-12,62120.0,62230.0,62120.0,62230.0,333.0
2015-02-13,62060.0,62085.0,62010.0,62015.0,147.0
2015-02-16,61680.0,61945.0,61680.0,61945.0,565.0
2015-02-17,62170.0,62170.0,61775.0,61775.0,134.0
2015-02-23,61995.0,62170.0,61920.0,62170.0,171.0
2015-02-24,61970.0,62110.0,61930.0,62110.0,66.0
2015-02-25,62245.0,62245.0,62205.0,62220.0,200.0
2015-02-26,62255.0,62255.0,62230.0,62245.0,48.0
2015-02-27,62365.0,62385.0,62285.0,62285.0,381.0
2015-03-02,62495.0,62600.0,62490.0,62600.0,304.0
2015-03-03,62350.0,62400.0,62350.0,62400.0,324.0
2015-03-04,62345.0,62375.0,62315.0,62355.0,117.0
2015-03-05,62360.0,62360.0,62320.0,62325.0,230.0
2015-03-06,62560.0,62560.0,62450.0,62450.0,42.0
2015-03-09,62300.0,62540.0,62180.0,62540.0,322.0
2015-03-10,62285.0,62295.0,62245.0,62295.0,319.0
2015-03-11,62555.0,62595.0,62490.0,62490.0,328.0
2015-03-12,62520.0,62910.0,62470.0,62470.0,4055.0
2015-03-13,62360.0,62500.0,62360.0,62450.0,1438.0
2015-03-16,62610.0,62610.0,62430.0,62465.0,514.0
2015-03-17,62615.0,62720.0,62595.0,62640.0,1215.0
2015-03-18,62750.0,62750.0,62615.0,62615.0,170.0
2015-03-19,63105.0,63240.0,62895.0,62895.0,573.0
2015-03-20,63210.0,63240.0,63170.0,63175.0,917.0
2015-03-23,63340.0,63400.0,63230.0,63345.0,97.0
2015-03-24,63225.0,63225.0,63135.0,63205.0,2745.0
2015-03-25,63335.0,63370.0,63310.0,63310.0,689.0
2015-03-26,63380.0,63415.0,63345.0,63350.0,148.0
2015-03-27,63260.0,63405.0,63185.0,63405.0,401.0
2015-03-30,63365.0,63410.0,63365.0,63400.0,32.0
2015-03-31,63500.0,63500.0,63375.0,63380.0,1665.0
2015-04-01,63550.0,63550.0,63415.0,63500.0,2070.0
2015-04-02,63640.0,63650.0,63605.0,63635.0,1136.0
2015-04-03,63790.0,63790.0,63660.0,63680.0,1088.0
2015-04-06,63950.0,64050.0,63950.0,63950.0,2585.0
2015-04-07,63770.0,64010.0,63770.0,64010.0,2046.0
2015-04-08,63665.0,63780.0,63640.0,63780.0,462.0
2015-04-09,63885.0,63885.0,63650.0,63650.0,1524.0
2015-04-10,64020.0,64080.0,63985.0,63985.0,245.0
2015-04-13,63780.0,63885.0,63780.0,63885.0,749.0
2015-04-14,63700.0,63770.0,63585.0,63735.0,3906.0
2015-04-15,63705.0,63815.0,63685.0,63705.0,404.0
2015-04-16,63485.0,63660.0,63485.0,63615.0,634.0
2015-04-17,63785.0,63785.0,63570.0,63570.0,435.0
2015-04-20,63655.0,63750.0,63600.0,63705.0,696.0
2015-04-21,63470.0,63570.0,63465.0,63570.0,1743.0
2015-04-22,63470.0,63555.0,63470.0,63510.0,130.0
2015-04-23,63020.0,63340.0,63020.0,63340.0,4220.0
2015-04-24,62940.0,63010.0,62700.0,62995.0,992.0
2015-04-27,62935.0,63035.0,62875.0,62875.0,362.0
2015-04-28,62540.0,62820.0,62430.0,62820.0,3160.0
2015-04-29,62340.0,62430.0,62200.0,62350.0,2818.0
2015-04-30,62300.0,62620.0,62275.0,62375.0,1814.0
2015-05-04,62005.0,62310.0,61885.0,62310.0,3983.0
2015-05-06,61680.0,61855.0,61525.0,61855.0,1765.0
2015-05-07,61575.0,61750.0,61495.0,61495.0,363.0
2015-05-08,62155.0,62155.0,61925.0,61940.0,1641.0
2015-05-11,62190.0,62530.0,62190.0,62530.0,2027.0
2015-05-12,61470.0,61785.0,61470.0,61785.0,575.0
2015-05-13,61695.0,61695.0,61250.0,61250.0,363.0
2015-05-14,61965.0,61970.0,61485.0,61580.0,2387.0
2015-05-15,61700.0,62075.0,61700.0,62015.0,745.0
2015-05-18,61870.0,62000.0,61780.0,61985.0,3404.0
2015-05-19,61675.0,61735.0,61605.0,61630.0,546.0
2015-05-20,61995.0,62005.0,61750.0,61770.0,279.0
2015-05-21,61905.0,62140.0,61895.0,62090.0,1091.0
2015-05-22,61975.0,61995.0,61935.0,61995.0,158.0
2015-05-26,62065.0,62185.0,61915.0,62185.0,1331.0
2015-05-27,62275.0,62275.0,62080.0,62170.0,381.0
2015-05-28,62405.0,62410.0,62300.0,62325.0,324.0
2015-05-29,62910.0,62910.0,62560.0,62600.0,2036.0
2015-06-01,62780.0,62960.0,62740.0,62910.0,1199.0
2015-06-02,62940.0,63040.0,62815.0,62815.0,476.0
2015-06-03,62420.0,62925.0,62365.0,62925.0,399.0
2015-06-04,62015.0,62165.0,61910.0,62125.0,530.0
2015-06-05,62165.0,62275.0,62120.0,62145.0,675.0
2015-06-08,62060.0,62070.0,61935.0,61960.0,314.0
2015-06-09,62275.0,62280.0,62210.0,62210.0,348.0
2015-06-10,62110.0,62325.0,62110.0,62185.0,203.0
2015-06-11,61865.0,62210.0,61805.0,62170.0,1139.0
2015-06-12,62240.0,62255.0,62220.0,62220.0,427.0
2015-06-15,62065.0,62435.0,62035.0,62360.0,158.0
2015-06-16,62020.0,62045.0,61890.0,62045.0,3513.0
2015-06-17,61875.0,62090.0,61875.0,62030.0,76.0
2015-06-18,62020.0,62020.0,61890.0,61890.0,38.0
2015-06-19,62400.0,62415.0,62270.0,62270.0,443.0
2015-06-22,62050.0,62395.0,61930.0,62395.0,77.0
2015-06-23,62130.0,62130.0,62075.0,62075.0,86.0
2015-06-24,62210.0,62225.0,62180.0,62225.0,294.0
2015-06-25,62225.0,62225.0,62100.0,62130.0,407.0
2015-06-26,62255.0,62255.0,62155.0,62195.0,159.0
2015-06-29,62350.0,62455.0,62295.0,62450.0,200.0
2015-06-30,62390.0,62390.0,62305.0,62345.0,2203.0
2015-07-01,62315.0,62315.0,62170.0,62200.0,76.0
2015-07-02,62000.0,62105.0,62000.0,62060.0,66.0
2015-07-03,62010.0,62110.0,62000.0,62000.0,226.0
2015-07-06,62305.0,62315.0,62135.0,62285.0,557.0
2015-07-07,62160.0,62255.0,62155.0,62255.0,62.0
2015-07-08,62210.0,62315.0,62210.0,62235.0,336.0
2015-07-09,62295.0,62420.0,62295.0,62360.0,248.0
2015-07-10,62050.0,62065.0,62040.0,62065.0,126.0
2015-07-13,62080.0,62080.0,61985.0,61995.0,109.0
2015-07-14,62125.0,62125.0,62060.0,62060.0,86.0
2015-07-15,62115.0,62185.0,62110.0,62185.0,319.0
2015-07-16,62290.0,62290.0,62215.0,62215.0,1181.0
2015-07-17,62340.0,62340.0,62290.0,62290.0,88.0
2015-07-20,62340.0,62340.0,62315.0,62325.0,252.0
2015-07-21,62420.0,62455.0,62335.0,62335.0,251.0
2015-07-22,62540.0,62565.0,62460.0,62460.0,328.0
2015-07-23,62915.0,62930.0,62620.0,62620.0,409.0
2015-07-24,63065.0,63160.0,62985.0,63020.0,377.0
2015-07-27,63020.0,63105.0,63020.0,63090.0,321.0
2015-07-28,62770.0,63045.0,62770.0,62895.0,83.0
2015-07-29,62865.0,62865.0,62840.0,62840.0,125.0
2015-07-30,62810.0,62835.0,62810.0,62835.0,233.0
2015-07-31,62705.0,62835.0,62705.0,62835.0,610.0
2015-08-03,62760.0,62760.0,62700.0,62725.0,805.0
2015-08-04,62810.0,62810.0,62795.0,62805.0,121.0
2015-08-05,62555.0,62800.0,62510.0,62800.0,150.0
2015-08-06,62675.0,62745.0,62555.0,62555.0,44.0
2015-08-07,62725.0,62725.0,62620.0,62640.0,161.0
2015-08-10,62970.0,62970.0,62805.0,62805.0,339.0
2015-08-11,63190.0,63190.0,63120.0,63120.0,340.0
2015-08-12,63470.0,63510.0,63315.0,63315.0,192.0
2015-08-13,63300.0,63420.0,63270.0,63370.0,724.0
2015-08-17,63410.0,63410.0,63245.0,63245.0,193.0
2015-08-18,63495.0,63495.0,63470.0,63470.0,157.0
2015-08-19,63275.0,63455.0,63275.0,63425.0,191.0
2015-08-20,63420.0,63445.0,63395.0,63400.0,28.0
2015-08-21,63575.0,63595.0,63350.0,63510.0,546.0
2015-08-24,63840.0,63895.0,63490.0,63490.0,534.0
2015-08-25,63770.0,63930.0,63670.0,63930.0,467.0
2015-08-26,63650.0,63830.0,63650.0,63795.0,268.0
2015-08-27,63445.0,63445.0,63405.0,63405.0,92.0
2015-08-28,63365.0,63440.0,63365.0,63440.0,313.0
2015-08-31,63435.0,63485.0,63385.0,63485.0,215.0
2015-09-01,63280.0,63415.0,63240.0,63415.0,1316.0
2015-09-02,63590.0,63590.0,63490.0,63490.0,141.0
2015-09-03,63570.0,63605.0,63570.0,63595.0,34.0
2015-09-04,63710.0,63710.0,63470.0,63515.0,565.0
2015-09-07,63760.0,63760.0,63730.0,63730.0,32.0
2015-09-08,63675.0,63705.0,63670.0,63705.0,33.0
2015-09-09,63655.0,63705.0,63655.0,63705.0,26.0
2015-09-10,63740.0,63740.0,63740.0,63740.0,1.0
2015-09-11,63700.0,63735.0,63620.0,63735.0,58.0
2015-09-14,63550.0,63695.0,63550.0,63695.0,4.0
2015-09-15,63635.0,63650.0,63535.0,63550.0,285.0
2015-09-16,63530.0,63545.0,63445.0,63545.0,161.0
2015-09-17,63600.0,63625.0,63425.0,63425.0,603.0
2015-09-18,63985.0,63985.0,63895.0,63905.0,137.0
2015-09-21,64150.0,64150.0,64050.0,64050.0,1036.0
2015-09-22,64125.0,64140.0,64080.0,64100.0,46.0
2015-09-23,64305.0,64305.0,64210.0,64250.0,166.0
2015-09-24,64235.0,64355.0,64230.0,64240.0,37181.0
2015-09-25,64185.0,64190.0,64125.0,64160.0,89.0
2015-09-30,64715.0,64715.0,64480.0,64480.0,2491.0
2015-10-01,64410.0,64625.0,64410.0,64625.0,167.0
2015-10-02,64475.0,64500.0,64460.0,64460.0,27.0
2015-10-05,64770.0,64770.0,64650.0,64725.0,284.0
2015-10-06,64760.0,64800.0,64655.0,64675.0,337.0
2015-10-07,64685.0,64715.0,64685.0,64710.0,34.0
2015-10-08,64490.0,64550.0,64445.0,64445.0,84.0
2015-10-12,64350.0,64375.0,64310.0,64375.0,3643.0
2015-10-13,64350.0,64440.0,64320.0,64350.0,188.0
2015-10-14,64320.0,64485.0,64320.0,64440.0,143.0
2015-10-15,64680.0,64725.0,64575.0,64575.0,186.0
2015-10-16,64690.0,64690.0,64650.0,64690.0,71.0
2015-10-19,64635.0,64650.0,64515.0,64515.0,86.0
2015-10-20,64545.0,64710.0,64545.0,64685.0,55.0
2015-10-21,64360.0,64405.0,64360.0,64380.0,85.0
2015-10-22,64460.0,64595.0,64460.0,64510.0,11.0
2015-10-23,64425.0,64480.0,64355.0,64355.0,180.0
2015-10-26,64535.0,64555.0,64445.0,64445.0,21.0
2015-10-27,64770.0,64770.0,64630.0,64630.0,356.0
2015-10-28,64875.0,65075.0,64830.0,64830.0,221.0
2015-10-29,64755.0,64865.0,64755.0,64865.0,424.0
2015-10-30,64505.0,64505.0,64395.0,64395.0,745.0
2015-11-02,64470.0,64540.0,64460.0,64540.0,92.0
2015-11-03,64330.0,64415.0,64295.0,64415.0,439.0
2015-11-04,64150.0,64240.0,64095.0,64240.0,236.0
2015-11-05,64270.0,64310.0,64165.0,64165.0,170.0
2015-11-06,64055.0,64265.0,64055.0,64250.0,147.0
2015-11-09,63655.0,64055.0,63600.0,64055.0,692.0
2015-11-10,63680.0,63685.0,63620.0,63620.0,487.0
2015-11-11,63430.0,63720.0,63400.0,63720.0,331.0
2015-11-12,63455.0,63525.0,63455.0,63520.0,89.0
2015-11-13,63390.0,63495.0,63355.0,63450.0,1449.0
2015-11-16,63695.0,63745.0,63445.0,63445.0,832.0
2015-11-17,63615.0,63625.0,63580.0,63580.0,70.0
2015-11-18,63600.0,63645.0,63600.0,63645.0,177.0
2015-11-19,63740.0,63740.0,63675.0,63675.0,17.0
2015-11-20,63885.0,63930.0,63815.0,63815.0,116.0
2015-11-23,63675.0,63730.0,63675.0,63695.0,164.0
2015-11-24,63695.0,63780.0,63680.0,63680.0,122.0
2015-11-25,63770.0,63775.0,63770.0,63775.0,97.0
2015-11-26,63935.0,63935.0,63765.0,63765.0,154.0
2015-11-27,63755.0,63970.0,63755.0,63970.0,199.0
2015-11-30,63810.0,63815.0,63775.0,63815.0,139.0
2015-12-01,63885.0,63885.0,63750.0,63795.0,248.0
2015-12-02,63880.0,63935.0,63745.0,63745.0,1022.0
2015-12-03,63750.0,63820.0,63750.0,63820.0,51.0
2015-12-04,63480.0,63525.0,63480.0,63490.0,423.0
2015-12-07,63545.0,63620.0,63535.0,63575.0,481.0
2015-12-08,63940.0,63940.0,63885.0,63885.0,31.0
2015-12-09,64025.0,64025.0,64005.0,64005.0,8.0
2015-12-10,64025.0,64025.0,63935.0,63975.0,208.0
2015-12-11,63970.0,64075.0,63960.0,64075.0,60.0
2015-12-14,64150.0,64150.0,64150.0,64150.0,10.0
2015-12-15,64020.0,64020.0,64020.0,64020.0,3.0
2015-12-16,64040.0,64040.0,64030.0,64030.0,15.0
2015-12-17,64315.0,64315.0,64225.0,64225.0,537.0
2015-12-18,64540.0,64550.0,64335.0,64345.0,99.0
2015-12-21,64720.0,64720.0,64510.0,64510.0,57.0
2015-12-22,64670.0,64670.0,64615.0,64615.0,13.0
2015-12-23,64655.0,64655.0,64605.0,64605.0,8.0
2015-12-24,64680.0,64680.0,64555.0,64630.0,549.0
2015-12-28,64695.0,64725.0,64695.0,64725.0,1149.0
2015-12-29,64855.0,64855.0,64750.0,64750.0,226.0
2015-12-30,64765.0,64810.0,64640.0,64640.0,208.0
2016-01-04,65050.0,65085.0,64755.0,64840.0,415.0
2016-01-05,64915.0,65040.0,64830.0,65040.0,4337.0
2016-01-06,65015.0,65015.0,64970.0,64970.0,296.0
2016-01-07,65140.0,65200.0,65070.0,65115.0,246.0
2016-01-08,64975.0,65140.0,64965.0,65140.0,614.0
2016-01-11,65130.0,65130.0,65025.0,65025.0,204.0
2016-01-12,65010.0,65185.0,64995.0,65125.0,459.0
2016-01-13,65085.0,65095.0,65075.0,65095.0,47.0
2016-01-14,65125.0,65315.0,65125.0,65210.0,115.0
2016-01-15,65120.0,65145.0,65015.0,65025.0,7206.0
2016-01-18,65050.0,65295.0,65050.0,65295.0,377.0
2016-01-19,64985.0,65050.0,64985.0,65035.0,22.0
2016-01-20,65225.0,65275.0,65115.0,65115.0,7419.0
2016-01-21,65215.0,65225.0,65165.0,65190.0,397.0
2016-01-22,65085.0,65300.0,65085.0,65300.0,925.0
2016-01-25,65195.0,65215.0,65105.0,65215.0,1226.0
2016-01-26,65340.0,65370.0,65255.0,65255.0,591.0
2016-01-27,65185.0,65250.0,65185.0,65250.0,688.0
2016-01-28,65220.0,65275.0,65075.0,65275.0,81.0
2016-01-29,65355.0,65425.0,65090.0,65120.0,434.0
2016-02-01,65705.0,65745.0,65480.0,65530.0,1456.0
2016-02-02,65715.0,65775.0,65690.0,65690.0,43.0
2016-02-03,66050.0,66065.0,65905.0,65905.0,1619.0
2016-02-04,65970.0,66020.0,65840.0,66020.0,168.0
2016-02-05,65900.0,66060.0,65870.0,66060.0,754.0
2016-02-11,66600.0,66630.0,66240.0,66240.0,5902.0
2016-02-12,66340.0,66610.0,66245.0,66600.0,19440.0
2016-02-15,66280.0,66280.0,66155.0,66155.0,323.0
2016-02-16,66525.0,66530.0,66195.0,66265.0,3309.0
2016-02-17,66455.0,66455.0,66400.0,66425.0,64.0
2016-02-18,66365.0,66375.0,66315.0,66360.0,44.0
2016-02-19,66350.0,66510.0,66350.0,66495.0,399.0
2016-02-22,66285.0,66315.0,66255.0,66255.0,105.0
2016-02-23,66245.0,66370.0,66245.0,66265.0,68.0
2016-02-24,66290.0,66345.0,66190.0,66345.0,1420.0
2016-02-25,66365.0,66365.0,66265.0,66285.0,99.0
2016-02-26,66540.0,66540.0,66335.0,66335.0,970.0
2016-02-29,66480.0,66525.0,66425.0,66425.0,919.0
2016-03-02,66285.0,66410.0,66265.0,66410.0,289.0
2016-03-03,66100.0,66200.0,66090.0,66200.0,70.0
2016-03-04,66005.0,66145.0,65955.0,66120.0,159.0
2016-03-07,66025.0,66125.0,65950.0,65995.0,538.0
2016-03-08,66205.0,66205.0,66025.0,66025.0,130.0
2016-03-09,66185.0,66295.0,66175.0,66265.0,115.0
2016-03-10,66115.0,66180.0,65975.0,66180.0,317.0
2016-03-11,65860.0,66115.0,65805.0,66115.0,6090.0
2016-03-14,65855.0,65855.0,65680.0,65800.0,49.0
2016-03-15,65800.0,65920.0,65765.0,65855.0,584.0
2016-03-16,65780.0,65860.0,65750.0,65860.0,58.0
2016-03-17,66110.0,66110.0,65985.0,66065.0,648.0
2016-03-18,66265.0,66265.0,66025.0,66110.0,160.0
2016-03-21,66355.0,66375.0,66225.0,66260.0,477.0
2016-03-22,66240.0,66355.0,66175.0,66355.0,225.0
2016-03-23,66040.0,66205.0,65990.0,66205.0,808.0
2016-03-24,66225.0,66305.0,66125.0,66125.0,1182.0
2016-03-25,66325.0,66325.0,66185.0,66275.0,420.0
2016-03-28,66300.0,66365.0,66245.0,66325.0,193.0
2016-03-29,66475.0,66490.0,66320.0,66380.0,1358.0
2016-03-30,66665.0,66750.0,66635.0,66675.0,792.0
2016-03-31,66590.0,66680.0,66485.0,66665.0,826.0
2016-04-01,66545.0,66625.0,66500.0,66625.0,556.0
2016-04-04,66710.0,66710.0,66465.0,66465.0,403.0
2016-04-05,66560.0,66745.0,66560.0,66745.0,735.0
2016-04-06,66615.0,66670.0,66560.0,66670.0,288.0
2016-04-07,66510.0,66660.0,66505.0,66615.0,1176.0
2016-04-08,66515.0,66680.0,66470.0,66660.0,266.0
2016-04-11,66535.0,66585.0,66510.0,66515.0,1516.0
2016-04-12,66595.0,66610.0,66575.0,66585.0,1041.0
2016-04-14,66300.0,66535.0,66290.0,66535.0,899.0
2016-04-15,66345.0,66345.0,66265.0,66300.0,44.0
2016-04-18,66350.0,66505.0,66350.0,66480.0,323.0
2016-04-19,66330.0,66415.0,66170.0,66280.0,913.0
2016-04-20,66550.0,66555.0,66350.0,66350.0,644.0
2016-04-21,66480.0,66545.0,66390.0,66545.0,1261.0
2016-04-22,66510.0,66510.0,66305.0,66475.0,1544.0
2016-04-25,66490.0,66515.0,66440.0,66470.0,3235.0
2016-04-26,66515.0,66515.0,66395.0,66450.0,886.0
2016-04-27,66605.0,66625.0,66515.0,66525.0,978.0
2016-04-28,66665.0,66710.0,66560.0,66650.0,2704.0
2016-04-29,66690.0,66700.0,66550.0,66550.0,888.0
2016-05-02,66610.0,66690.0,66550.0,66685.0,503.0
2016-05-03,66695.0,66695.0,66475.0,66520.0,600.0
2016-05-04,66825.0,66840.0,66555.0,66555.0,4618.0
2016-05-09,66900.0,66900.0,66775.0,66815.0,308.0
2016-05-10,66855.0,66900.0,66790.0,66860.0,2070.0
2016-05-11,66870.0,66900.0,66810.0,66855.0,1818.0
2016-05-12,66865.0,66895.0,66830.0,66850.0,3363.0
2016-05-13,66850.0,66875.0,66785.0,66865.0,1567.0
2016-05-16,66865.0,66870.0,66820.0,66855.0,5400.0
2016-05-17,66745.0,66835.0,66745.0,66800.0,5642.0
2016-05-18,66645.0,66775.0,66645.0,66705.0,509.0
2016-05-19,66455.0,66645.0,66435.0,66645.0,779.0
2016-05-20,66655.0,66655.0,66515.0,66590.0,145.0
2016-05-23,66670.0,66670.0,66650.0,66655.0,131.0
2016-05-24,66875.0,66875.0,66635.0,66670.0,444.0
2016-05-25,66795.0,66860.0,66760.0,66860.0,3299.0
2016-05-26,66760.0,66825.0,66730.0,66825.0,161.0
2016-05-27,66810.0,66810.0,66680.0,66680.0,110.0
2016-05-30,66640.0,66875.0,66595.0,66875.0,4682.0
2016-05-31,66635.0,66720.0,66635.0,66665.0,276.0
2016-06-01,66925.0,66925.0,66685.0,66685.0,277.0
2016-06-02,66895.0,67005.0,66860.0,67005.0,584.0
2016-06-03,67050.0,67050.0,66900.0,66985.0,4943.0
2016-06-07,67215.0,67260.0,67140.0,67140.0,801.0
2016-06-08,67265.0,67320.0,67190.0,67235.0,6338.0
2016-06-09,67500.0,67500.0,67310.0,67345.0,891.0
2016-06-10,67595.0,67605.0,67450.0,67450.0,9042.0
2016-06-13,67700.0,67700.0,67570.0,67590.0,1737.0
2016-06-14,67615.0,67755.0,67590.0,67755.0,355.0
2016-06-15,67615.0,67660.0,67590.0,67620.0,11.0
2016-06-16,67855.0,67880.0,67795.0,67880.0,740.0
2016-06-17,67755.0,67885.0,67745.0,67795.0,5475.0
2016-06-20,67560.0,67630.0,67560.0,67620.0,246.0
2016-06-21,67605.0,67605.0,67545.0,67555.0,311.0
2016-06-22,67525.0,67600.0,67525.0,67575.0,581.0
2016-06-23,67595.0,67595.0,67490.0,67560.0,350.0
2016-06-24,68340.0,68580.0,67605.0,67625.0,4403.0
2016-06-27,68405.0,68540.0,68325.0,68400.0,1363.0
2016-06-28,68415.0,68585.0,68340.0,68405.0,2981.0
2016-06-29,68525.0,68525.0,68420.0,68445.0,1083.0
2016-06-30,68475.0,68585.0,68380.0,68585.0,958.0
2016-07-01,68825.0,68825.0,68525.0,68540.0,1606.0
2016-07-04,68810.0,68860.0,68735.0,68765.0,1489.0
2016-07-05,68765.0,68950.0,68720.0,68875.0,805.0
2016-07-06,68945.0,69075.0,68925.0,68955.0,14104.0
2016-07-07,68990.0,68995.0,68945.0,68955.0,163.0
2016-07-08,68995.0,69050.0,68920.0,69000.0,1467.0
2016-07-11,69005.0,69060.0,68970.0,69015.0,1060.0
2016-07-12,68940.0,69090.0,68890.0,69090.0,419.0
2016-07-13,68910.0,68985.0,68785.0,68845.0,394.0
2016-07-14,69080.0,69150.0,68830.0,68830.0,612.0
2016-07-15,68910.0,69080.0,68835.0,69080.0,3052.0
2016-07-18,68840.0,68895.0,68785.0,68895.0,586.0
2016-07-19,68770.0,68940.0,68770.0,68890.0,1839.0
2016-07-20,68795.0,68850.0,68740.0,68835.0,1689.0
2016-07-21,68700.0,68790.0,68660.0,68790.0,8523.0
2016-07-22,68810.0,68840.0,68720.0,68720.0,1545.0
2016-07-25,68800.0,68860.0,68740.0,68860.0,486.0
2016-07-26,68860.0,68925.0,68785.0,68800.0,1366.0
2016-07-27,68900.0,68920.0,68800.0,68800.0,1418.0
2016-07-28,69150.0,69160.0,69070.0,69070.0,1796.0
2016-07-29,68970.0,69170.0,68925.0,69150.0,8233.0
2016-08-01,69130.0,69165.0,69030.0,69030.0,611.0
2016-08-02,69035.0,69090.0,69000.0,69090.0,730.0
2016-08-03,68760.0,68970.0,68730.0,68970.0,15511.0
2016-08-04,68865.0,68865.0,68700.0,68740.0,322.0
2016-08-05,68995.0,69030.0,68900.0,68900.0,1954.0
2016-08-08,68740.0,68895.0,68695.0,68745.0,10436.0
2016-08-09,68785.0,68820.0,68740.0,68740.0,893.0
2016-08-10,68975.0,69030.0,68900.0,68970.0,4315.0
2016-08-11,68945.0,69065.0,68900.0,69060.0,604.0
2016-08-12,68900.0,68945.0,68845.0,68855.0,6409.0
2016-08-16,68970.0,69005.0,68930.0,68940.0,208.0
2016-08-17,68750.0,68850.0,68720.0,68785.0,929.0
2016-08-18,68900.0,68905.0,68840.0,68865.0,378.0
2016-08-19,68815.0,68850.0,68745.0,68845.0,1571.0
2016-08-22,68765.0,68815.0,68710.0,68815.0,1370.0
2016-08-23,68855.0,68855.0,68805.0,68825.0,165.0
2016-08-24,68840.0,68890.0,68830.0,68855.0,1503.0
2016-08-25,68810.0,68865.0,68770.0,68845.0,28.0
2016-08-26,68845.0,68845.0,68780.0,68825.0,387.0
2016-08-29,68700.0,68845.0,68655.0,68845.0,1022.0
2016-08-30,68685.0,68800.0,68685.0,68800.0,180.0
2016-08-31,68505.0,68655.0,68460.0,68655.0,1275.0
2016-09-01,68245.0,68530.0,68245.0,68420.0,308.0
2016-09-02,68220.0,68265.0,68185.0,68265.0,1632.0
2016-09-05,68340.0,68345.0,68240.0,68265.0,746.0
2016-09-06,68390.0,68400.0,68335.0,68340.0,1045.0
2016-09-07,68650.0,68650.0,68390.0,68390.0,1958.0
2016-09-08,68590.0,68675.0,68550.0,68595.0,130.0
2016-09-09,68300.0,68680.0,68245.0,68680.0,2596.0
2016-09-12,68035.0,68300.0,67915.0,68300.0,5383.0
2016-09-13,68015.0,68210.0,68015.0,68070.0,4879.0
2016-09-19,67955.0,68070.0,67955.0,68015.0,79026.0
2016-09-20,67960.0,67985.0,67860.0,67860.0,64272.0
2016-09-21,67895.0,68090.0,67775.0,68050.0,63093.0
2016-09-22,68265.0,68305.0,67980.0,67980.0,49693.0
2016-09-23,68395.0,68430.0,68305.0,68430.0,1370.0
2016-09-26,68430.0,68560.0,68395.0,68395.0,425.0
2016-09-27,68445.0,68570.0,68395.0,68430.0,530.0
2016-09-28,68570.0,68650.0,68510.0,68510.0,1459.0
2016-09-29,68600.0,68605.0,68455.0,68480.0,79.0
2016-09-30,69000.0,69000.0,68665.0,68665.0,1077.0
2016-10-04,68670.0,68745.0,68645.0,68645.0,3630.0
2016-10-05,68355.0,68420.0,68330.0,68420.0,335.0
2016-10-06,68200.0,68335.0,68200.0,68300.0,339.0
2016-10-07,68255.0,68260.0,68155.0,68200.0,86.0
2016-10-10,68140.0,68350.0,68140.0,68280.0,881.0
2016-10-11,67760.0,68050.0,67760.0,68050.0,2887.0
2016-10-12,67895.0,67940.0,67755.0,67820.0,1639.0
2016-10-13,68190.0,68270.0,68000.0,68000.0,187.0
2016-10-14,68165.0,68165.0,67930.0,68100.0,311.0
2016-10-17,67765.0,67960.0,67745.0,67960.0,48331.0
2016-10-18,67820.0,67860.0,67755.0,67755.0,1470.0
2016-10-19,67820.0,68000.0,67795.0,67975.0,448.0
2016-10-20,67815.0,67870.0,67770.0,67870.0,11895.0
2016-10-21,67750.0,67970.0,67700.0,67810.0,241.0
2016-10-24,67795.0,67795.0,67630.0,67735.0,2903.0
2016-10-25,67645.0,67800.0,67630.0,67790.0,1781.0
2016-10-26,67765.0,67795.0,67625.0,67740.0,244.0
2016-10-27,67505.0,67685.0,67430.0,67685.0,559.0
2016-10-28,67190.0,67360.0,67170.0,67360.0,304.0
2016-10-31,67430.0,67430.0,67190.0,67200.0,431.0
2016-11-01,67135.0,67390.0,67135.0,67390.0,466.0
2016-11-02,67385.0,67465.0,67255.0,67255.0,39793.0
2016-11-03,67450.0,67555.0,67295.0,67395.0,445.0
2016-11-04,67340.0,67425.0,67340.0,67400.0,3136.0
2016-11-07,67320.0,67320.0,67180.0,67240.0,463.0
2016-11-08,67315.0,67440.0,67295.0,67365.0,384.0
2016-11-09,67650.0,67980.0,67175.0,67220.0,1792.0
2016-11-10,66700.0,66860.0,66590.0,66860.0,15722.0
2016-11-11,66055.0,66695.0,66035.0,66695.0,961.0
2016-11-14,65480.0,66010.0,65310.0,65950.0,41710.0
2016-11-15,65450.0,65580.0,65245.0,65255.0,737.0
2016-11-16,65415.0,65605.0,65400.0,65465.0,4870.0
2016-11-17,65270.0,65315.0,64965.0,65055.0,1391.0
2016-11-18,64990.0,65415.0,64865.0,65415.0,12309.0
2016-11-21,65055.0,65120.0,64900.0,65120.0,7622.0
2016-11-22,65090.0,65420.0,65000.0,65230.0,3099.0
2016-11-23,65045.0,65095.0,64945.0,65030.0,1277.0
2016-11-24,64775.0,64890.0,64655.0,64845.0,2267.0
2016-11-25,64820.0,64820.0,64470.0,64655.0,2326.0
2016-11-28,64885.0,64970.0,64750.0,64750.0,3898.0
2016-11-29,65000.0,65060.0,64960.0,65040.0,1139.0
2016-11-30,65015.0,65220.0,64910.0,65150.0,4854.0
2016-12-01,64600.0,65015.0,64490.0,65015.0,1120.0
2016-12-02,64405.0,64445.0,64350.0,64400.0,487.0
2016-12-05,64810.0,64825.0,64490.0,64490.0,15882.0
2016-12-06,64810.0,65055.0,64740.0,64740.0,299.0
2016-12-07,64740.0,64850.0,64675.0,64710.0,96.0
2016-12-08,64885.0,65010.0,64885.0,64955.0,27.0
2016-12-09,64700.0,64725.0,64645.0,64665.0,434.0
2016-12-12,64405.0,64650.0,64350.0,64650.0,4203.0
2016-12-13,64710.0,64735.0,64560.0,64560.0,7552.0
2016-12-14,65030.0,65040.0,64885.0,64900.0,1147.0
2016-12-15,64800.0,64800.0,64550.0,64715.0,646.0
2016-12-16,64965.0,64970.0,64740.0,64800.0,3300.0
2016-12-19,64985.0,65000.0,64900.0,64950.0,532.0
2016-12-20,64950.0,65265.0,64950.0,65100.0,755.0
2016-12-21,65255.0,65260.0,64930.0,64960.0,256.0
2016-12-22,65200.0,65290.0,65125.0,65245.0,505.0
2016-12-23,65320.0,65400.0,65180.0,65200.0,125.0
2016-12-26,65245.0,65290.0,65200.0,65235.0,838.0
2016-12-27,65250.0,65250.0,65215.0,65245.0,40.0
2016-12-28,65440.0,65440.0,65200.0,65200.0,1375.0
2016-12-29,65580.0,65700.0,65425.0,65430.0,1177.0
2017-01-02,65565.0,65600.0,65500.0,65500.0,173.0
2017-01-03,65540.0,65560.0,65490.0,65560.0,364.0
2017-01-04,65390.0,65570.0,65340.0,65455.0,1530.0
2017-01-05,65570.0,65600.0,65445.0,65445.0,582.0
2017-01-06,65645.0,65760.0,65600.0,65625.0,431.0
2017-01-09,65150.0,65420.0,65100.0,65420.0,1217.0
2017-01-10,65345.0,65375.0,65310.0,65315.0,180.0
2017-01-11,65275.0,65345.0,65230.0,65345.0,119.0
2017-01-12,65560.0,65590.0,65400.0,65415.0,873.0
2017-01-13,65445.0,65510.0,65360.0,65505.0,195.0
2017-01-16,65340.0,65440.0,65270.0,65440.0,1735.0
2017-01-17,65440.0,65440.0,65325.0,65355.0,1043.0
2017-01-18,65325.0,65415.0,65325.0,65395.0,118.0
2017-01-19,65050.0,65160.0,65000.0,65160.0,186.0
2017-01-20,65270.0,65270.0,65000.0,65050.0,250.0
2017-01-23,65295.0,65425.0,65270.0,65355.0,425.0
2017-01-24,65475.0,65490.0,65400.0,65425.0,52.0
2017-01-25,65265.0,65365.0,65265.0,65365.0,354.0
2017-01-26,64920.0,65105.0,64915.0,65065.0,1665.0
2017-01-31,65135.0,65135.0,65000.0,65055.0,865.0
2017-02-01,65080.0,65170.0,65025.0,65170.0,981.0
2017-02-02,65170.0,65180.0,65055.0,65080.0,128.0
2017-02-03,65025.0,65170.0,65025.0,65170.0,58.0
2017-02-06,65195.0,65240.0,65015.0,65015.0,6049.0
2017-02-07,65315.0,65375.0,65315.0,65340.0,299.0
2017-02-08,65240.0,65315.0,65205.0,65315.0,35.0
2017-02-09,65425.0,65480.0,65405.0,65460.0,315.0
2017-02-10,65160.0,65375.0,65140.0,65375.0,322.0
2017-02-13,65245.0,65275.0,65195.0,65240.0,137.0
2017-02-14,65315.0,65315.0,65140.0,65225.0,5.0
2017-02-15,65205.0,65265.0,65160.0,65265.0,47.0
2017-02-16,65245.0,65315.0,65245.0,65305.0,32.0
2017-02-17,65305.0,65350.0,65305.0,65320.0,307.0
2017-02-20,65100.0,65370.0,65100.0,65370.0,146.0
2017-02-21,65005.0,65100.0,65005.0,65100.0,205.0
2017-02-22,64800.0,65095.0,64800.0,65065.0,192.0
2017-02-23,65005.0,65010.0,64860.0,64935.0,124.0
2017-02-24,65230.0,65300.0,65150.0,65160.0,306.0
2017-02-27,65135.0,65390.0,65100.0,65300.0,218.0
2017-02-28,65280.0,65280.0,65160.0,65205.0,749.0
2017-03-02,64915.0,64955.0,64845.0,64870.0,356.0
2017-03-03,64875.0,64940.0,64850.0,64940.0,305.0
2017-03-06,64685.0,64985.0,64685.0,64985.0,1112.0
2017-03-07,64460.0,64735.0,64390.0,64730.0,342.0
2017-03-08,64510.0,64590.0,64395.0,64445.0,1588.0
2017-03-09,64490.0,64505.0,64400.0,64455.0,240.0
2017-03-10,64490.0,64490.0,64280.0,64370.0,511.0
2017-03-13,64545.0,64630.0,64490.0,64590.0,641.0
2017-03-14,64655.0,64655.0,64490.0,64505.0,84.0
2017-03-15,64745.0,64745.0,64590.0,64645.0,180.0
2017-03-16,65255.0,65325.0,65135.0,65135.0,3516.0
2017-03-17,65240.0,65240.0,65120.0,65170.0,225.0
2017-03-20,65240.0,65285.0,65165.0,65285.0,967.0
2017-03-21,65245.0,65390.0,65195.0,65290.0,334.0
2017-03-22,65440.0,65500.0,65370.0,65370.0,1861.0
2017-03-23,65435.0,65445.0,65390.0,65440.0,142.0
2017-03-24,65325.0,65395.0,65280.0,65395.0,1036.0
2017-03-27,65480.0,65480.0,65365.0,65365.0,74.0
2017-03-28,65425.0,65500.0,65375.0,65415.0,56.0
2017-03-29,65360.0,65375.0,65305.0,65315.0,151.0
2017-03-30,65285.0,65475.0,65270.0,65470.0,713.0
2017-03-31,65400.0,65400.0,65300.0,65325.0,190.0
2017-04-03,65400.0,65400.0,65255.0,65345.0,795.0
2017-04-04,65590.0,65590.0,65530.0,65540.0,822.0
2017-04-05,65515.0,65560.0,65500.0,65550.0,359.0
2017-04-06,65330.0,65630.0,65330.0,65580.0,211.0
2017-04-07,65295.0,65535.0,65125.0,65370.0,510.0
2017-04-10,64975.0,65195.0,64965.0,65195.0,883.0
2017-04-11,65245.0,65245.0,65015.0,65020.0,373.0
2017-04-12,65240.0,65330.0,65135.0,65310.0,361.0
2017-04-13,65480.0,65520.0,65435.0,65450.0,525.0
2017-04-14,65315.0,65450.0,65285.0,65405.0,174.0
2017-04-17,65490.0,65530.0,65430.0,65475.0,591.0
2017-04-18,65415.0,65445.0,65370.0,65445.0,52.0
2017-04-19,65625.0,65680.0,65620.0,65620.0,473.0
2017-04-20,65570.0,65615.0,65535.0,65560.0,142.0
2017-04-21,65480.0,65530.0,65445.0,65530.0,97.0
2017-04-24,65240.0,65285.0,65220.0,65285.0,274.0
2017-04-25,65370.0,65380.0,65280.0,65355.0,264.0
2017-04-26,65265.0,65265.0,65185.0,65235.0,166.0
2017-04-27,65340.0,65350.0,65305.0,65305.0,244.0
2017-04-28,65355.0,65405.0,65355.0,65395.0,215.0
2017-05-02,65110.0,65335.0,65050.0,65335.0,906.0
2017-05-04,65270.0,65315.0,65110.0,65150.0,107.0
2017-05-08,65175.0,65255.0,65100.0,65255.0,651.0
2017-05-10,64885.0,65060.0,64885.0,65060.0,1149.0
2017-05-11,64855.0,64895.0,64810.0,64885.0,345.0
2017-05-12,64965.0,64970.0,64825.0,64900.0,1831.0
2017-05-15,64925.0,65125.0,64925.0,65110.0,225.0
2017-05-16,64940.0,65000.0,64895.0,64895.0,447.0
2017-05-17,65180.0,65180.0,65055.0,65075.0,395.0
2017-05-18,65210.0,65420.0,65210.0,65405.0,274.0
2017-05-19,65200.0,65325.0,65200.0,65250.0,268.0
2017-05-22,65125.0,65190.0,65035.0,65190.0,409.0
2017-05-23,65150.0,65170.0,65045.0,65125.0,2819.0
2017-05-24,65125.0,65145.0,65070.0,65095.0,40.0
2017-05-25,65230.0,65240.0,65135.0,65185.0,66.0
2017-05-26,65300.0,65315.0,65230.0,65230.0,195.0
2017-05-29,65250.0,65265.0,65185.0,65260.0,716.0
2017-05-30,65395.0,65395.0,65300.0,65300.0,934.0
2017-05-31,65465.0,65465.0,65370.0,65435.0,170.0
2017-06-01,65470.0,65470.0,65345.0,65390.0,465.0
2017-06-02,65490.0,65520.0,65420.0,65430.0,610.0
2017-06-05,65660.0,65690.0,65620.0,65670.0,619.0
2017-06-07,65760.0,65765.0,65700.0,65700.0,343.0
2017-06-08,65635.0,65765.0,65635.0,65720.0,202.0
2017-06-09,65685.0,65750.0,65675.0,65745.0,56.0
2017-06-12,65370.0,65660.0,65335.0,65660.0,1529.0
2017-06-13,65655.0,65655.0,65410.0,65410.0,348.0
2017-06-14,65700.0,65700.0,65485.0,65570.0,69.0
2017-06-15,65910.0,66005.0,65845.0,65910.0,1017.0
2017-06-16,65725.0,65840.0,65715.0,65825.0,186.0
2017-06-19,65740.0,65745.0,65640.0,65745.0,2698.0
2017-06-20,65815.0,65820.0,65620.0,65655.0,717.0
2017-06-21,65825.0,65915.0,65805.0,65915.0,319.0
2017-06-22,65895.0,65920.0,65855.0,65870.0,268.0
2017-06-23,65900.0,65900.0,65785.0,65845.0,232.0
2017-06-26,65920.0,65960.0,65840.0,65860.0,838.0
2017-06-27,65925.0,65940.0,65875.0,65915.0,472.0
2017-06-28,65600.0,65795.0,65600.0,65725.0,723.0
2017-06-29,65605.0,65670.0,65475.0,65600.0,424.0
2017-06-30,65440.0,65550.0,65400.0,65515.0,630.0
2017-07-03,65305.0,65380.0,65260.0,65380.0,1549.0
2017-07-04,65110.0,65245.0,65080.0,65200.0,243.0
2017-07-05,65115.0,65180.0,65115.0,65150.0,973.0
2017-07-06,65110.0,65170.0,65070.0,65100.0,479.0
2017-07-07,64855.0,64965.0,64835.0,64965.0,1118.0
2017-07-10,65030.0,65030.0,64875.0,64900.0,392.0
2017-07-11,65120.0,65120.0,65055.0,65070.0,21.0
2017-07-12,65155.0,65225.0,65155.0,65165.0,99.0
2017-07-13,65385.0,65385.0,65230.0,65260.0,186.0
2017-07-14,65295.0,65295.0,65215.0,65270.0,1638.0
2017-07-17,65195.0,65285.0,65190.0,65285.0,208.0
2017-07-18,65315.0,65315.0,65235.0,65235.0,393.0
2017-07-19,65345.0,65405.0,65340.0,65385.0,738.0
2017-07-20,65380.0,65385.0,65270.0,65285.0,231.0
2017-07-21,65495.0,65555.0,65380.0,65380.0,838.0
2017-07-24,65510.0,65545.0,65510.0,65535.0,524.0
2017-07-25,65565.0,65585.0,65450.0,65460.0,430.0
2017-07-26,65355.0,65395.0,65305.0,65305.0,106.0
2017-07-27,65535.0,65560.0,65470.0,65470.0,227.0
2017-07-28,65410.0,65530.0,65410.0,65515.0,474.0
2017-07-31,65475.0,65475.0,65445.0,65445.0,270.0
2017-08-01,65330.0,65430.0,65270.0,65430.0,632.0
2017-08-02,65390.0,65415.0,65340.0,65395.0,827.0
2017-08-03,65385.0,65405.0,65335.0,65405.0,148.0
2017-08-04,65355.0,65445.0,65355.0,65435.0,714.0
2017-08-07,65215.0,65250.0,65165.0,65250.0,150798.0
2017-08-08,65015.0,65205.0,65015.0,65190.0,83.0
2017-08-09,64885.0,64970.0,64850.0,64970.0,433.0
2017-08-10,64785.0,64990.0,64785.0,64945.0,177.0
2017-08-11,65065.0,65130.0,65000.0,65050.0,515.0
2017-08-14,65225.0,65235.0,65180.0,65195.0,312.0
2017-08-16,64945.0,64995.0,64940.0,64995.0,285.0
2017-08-17,65055.0,65105.0,65035.0,65105.0,7434.0
2017-08-18,65090.0,65125.0,65090.0,65120.0,305.0
2017-08-21,65120.0,65120.0,65000.0,65025.0,4005.0
2017-08-22,65120.0,65145.0,65120.0,65145.0,10.0
2017-08-23,65100.0,65125.0,65090.0,65125.0,37.0
2017-08-24,65220.0,65255.0,65220.0,65230.0,171.0
2017-08-25,65400.0,65410.0,65270.0,65270.0,214.0
2017-08-28,65425.0,65445.0,65400.0,65400.0,349.0
2017-08-29,65400.0,65400.0,65310.0,65395.0,749.0
2017-08-30,65490.0,65510.0,65425.0,65425.0,2034.0
2017-08-31,65420.0,65450.0,65370.0,65450.0,11.0
2017-09-01,65360.0,65395.0,65315.0,65395.0,2370.0
2017-09-04,65140.0,65210.0,65110.0,65110.0,730.0
2017-09-05,65130.0,65130.0,65110.0,65110.0,78.0
2017-09-06,65320.0,65365.0,65275.0,65275.0,37.0
2017-09-07,65300.0,65320.0,65290.0,65320.0,97.0
2017-09-08,65550.0,65550.0,65500.0,65500.0,80.0
2017-09-11,65495.0,65535.0,65485.0,65505.0,667.0
2017-09-12,65465.0,65490.0,65390.0,65390.0,841.0
2017-09-13,65490.0,65490.0,65410.0,65410.0,37.0
2017-09-14,65510.0,65545.0,65510.0,65545.0,115.0
2017-09-15,65500.0,65560.0,65500.0,65505.0,8110.0
2017-09-18,65440.0,65465.0,65425.0,65465.0,109.0
2017-09-19,65310.0,65340.0,65310.0,65335.0,131.0
2017-09-20,65300.0,65305.0,65230.0,65260.0,2173.0
2017-09-21,65350.0,65355.0,65235.0,65235.0,7247.0
2017-09-22,65370.0,65400.0,65310.0,65400.0,803.0
2017-09-25,65390.0,65450.0,65390.0,65430.0,71.0
2017-09-26,65190.0,65335.0,65190.0,65335.0,180.0
2017-09-27,64960.0,65110.0,64960.0,65110.0,238.0
2017-09-28,64705.0,64790.0,64515.0,64785.0,305.0
2017-09-29,64810.0,64825.0,64700.0,64720.0,20870.0
2017-10-10,64585.0,64775.0,64545.0,64765.0,431.0
2017-10-11,64625.0,64705.0,64625.0,64640.0,2635.0
2017-10-12,64730.0,64740.0,64705.0,64705.0,85.0
2017-10-13,64810.0,64845.0,64810.0,64830.0,215.0
2017-10-16,64790.0,64820.0,64730.0,64810.0,188.0
2017-10-17,64755.0,64825.0,64700.0,64700.0,1361.0
2017-10-18,64780.0,64840.0,64775.0,64775.0,2864.0
2017-10-19,64620.0,64810.0,64545.0,64705.0,280.0
2017-10-20,64470.0,64685.0,64285.0,64685.0,1008.0
2017-10-23,64465.0,64500.0,64315.0,64385.0,27.0
2017-10-24,64365.0,64365.0,64355.0,64355.0,58.0
2017-10-25,64215.0,64340.0,64200.0,64305.0,1504.0
2017-10-26,64115.0,64240.0,64045.0,64155.0,453.0
2017-10-27,63895.0,64020.0,63680.0,63970.0,2161.0
2017-10-30,64125.0,64220.0,64095.0,64095.0,1982.0
2017-10-31,63935.0,64030.0,63855.0,64020.0,2194.0
2017-11-01,63965.0,63965.0,63720.0,63820.0,8865.0
2017-11-02,64000.0,64075.0,64000.0,64035.0,14.0
2017-11-03,64160.0,64285.0,64160.0,64255.0,42.0
2017-11-06,64060.0,64170.0,64060.0,64170.0,16.0
2017-11-07,64100.0,64115.0,64000.0,64005.0,268.0
2017-11-08,64095.0,64200.0,64080.0,64150.0,209.0
2017-11-09,64100.0,64160.0,64025.0,64100.0,1203.0
2017-11-10,64120.0,64120.0,64100.0,64100.0,15.0
2017-11-13,63880.0,63880.0,63740.0,63740.0,92.0
2017-11-14,63740.0,63880.0,63740.0,63880.0,75.0
2017-11-15,63785.0,63785.0,63785.0,63785.0,100.0
2017-11-16,64075.0,64075.0,63975.0,64040.0,1057.0
2017-11-17,64000.0,64010.0,63940.0,63940.0,137.0
2017-11-20,64105.0,64105.0,63985.0,63985.0,473.0
2017-11-21,64115.0,64135.0,64090.0,64135.0,505.0
2017-11-22,64135.0,64170.0,64105.0,64140.0,1314.0
2017-11-23,64280.0,64280.0,64190.0,64205.0,278.0
2017-11-24,64270.0,64320.0,64265.0,64265.0,196.0
2017-11-27,64230.0,64245.0,64195.0,64195.0,6335.0
2017-11-28,64190.0,64190.0,64190.0,64190.0,3.0
2017-11-29,64465.0,64530.0,64425.0,64445.0,3205.0
2017-11-30,64485.0,64485.0,64385.0,64400.0,615.0
2017-12-01,64465.0,64475.0,64410.0,64435.0,5390.0
2017-12-04,64420.0,64420.0,64375.0,64375.0,74.0
2017-12-05,64480.0,64550.0,64480.0,64535.0,20.0
2017-12-06,64605.0,64605.0,64605.0,64605.0,1.0
2017-12-07,64570.0,64605.0,64570.0,64580.0,29.0
2017-12-08,64530.0,64530.0,64475.0,64490.0,222.0
2017-12-11,64530.0,64540.0,64520.0,64535.0,14.0
2017-12-12,64635.0,64635.0,64580.0,64580.0,287.0
2017-12-13,64700.0,64700.0,64665.0,64665.0,837.0
2017-12-14,64700.0,64700.0,64700.0,64700.0,3.0
2017-12-15,64775.0,64775.0,64775.0,64775.0,0.0
2017-12-18,64810.0,64845.0,64810.0,64810.0,163.0
2017-12-19,64770.0,64770.0,64770.0,64770.0,1.0
2017-12-20,64625.0,64645.0,64610.0,64610.0,210.0
2017-12-21,64475.0,64505.0,64475.0,64480.0,23.0
2017-12-22,64550.0,64565.0,64550.0,64565.0,8.0
2017-12-26,64425.0,64425.0,64310.0,64310.0,63.0
2017-12-27,64385.0,64510.0,64385.0,64510.0,35.0
2017-12-28,64545.0,64560.0,64480.0,64550.0,898.0
2018-01-02,64445.0,64595.0,64430.0,64595.0,447.0
2018-01-03,64360.0,64360.0,64355.0,64360.0,61.0
2018-01-04,64365.0,64365.0,64365.0,64365.0,90.0
2018-01-05,64310.0,64310.0,64300.0,64310.0,54.0
2018-01-08,64255.0,64285.0,64220.0,64270.0,393.0
2018-01-09,64045.0,64150.0,64045.0,64150.0,4297.0
2018-01-10,63620.0,63795.0,63620.0,63775.0,8533.0
2018-01-11,63880.0,63880.0,63735.0,63735.0,13.0
2018-01-12,63730.0,63870.0,63730.0,63835.0,106.0
2018-01-15,63560.0,63785.0,63535.0,63785.0,73.0
2018-01-16,63630.0,63640.0,63550.0,63550.0,11.0
2018-01-17,63705.0,63705.0,63660.0,63690.0,67.0
2018-01-18,63790.0,63790.0,63670.0,63690.0,12.0
2018-01-19,63700.0,63700.0,63580.0,63615.0,500.0
2018-01-22,63530.0,63575.0,63530.0,63570.0,18.0
2018-01-23,63705.0,63705.0,63555.0,63555.0,785.0
2018-01-24,63715.0,63830.0,63670.0,63830.0,49.0
2018-01-25,63690.0,63710.0,63685.0,63710.0,177.0
2018-01-26,63620.0,63745.0,63620.0,63745.0,36.0
2018-01-29,63265.0,63505.0,63265.0,63505.0,27.0
2018-01-30,62945.0,63235.0,62945.0,63235.0,168.0
2018-01-31,63130.0,63130.0,63095.0,63095.0,409.0
2018-02-01,63215.0,63255.0,63045.0,63255.0,152.0
2018-02-02,63195.0,63195.0,62880.0,62885.0,469.0
2018-02-05,63005.0,63090.0,63005.0,63040.0,73.0
2018-02-06,63300.0,63450.0,63225.0,63355.0,2186.0
2018-02-07,63475.0,63475.0,63160.0,63160.0,950.0
2018-02-08,63405.0,63445.0,63360.0,63405.0,2093.0
2018-02-09,63290.0,63370.0,63230.0,63370.0,2977.0
2018-02-12,63135.0,63185.0,63125.0,63185.0,112.0
2018-02-13,63150.0,63155.0,63040.0,63125.0,2060.0
2018-02-14,63325.0,63355.0,63195.0,63210.0,1147.0
2018-02-19,63140.0,63140.0,63090.0,63090.0,24.0
2018-02-20,63090.0,63120.0,63020.0,63115.0,370.0
2018-02-21,63185.0,63215.0,63165.0,63165.0,2019.0
2018-02-22,63120.0,63120.0,63015.0,63015.0,1011.0
2018-02-23,63135.0,63180.0,63100.0,63165.0,4084.0
2018-02-26,63300.0,63300.0,63270.0,63270.0,7710.0
2018-02-27,63470.0,63470.0,63325.0,63410.0,3073.0
2018-02-28,63450.0,63450.0,63370.0,63400.0,1292.0
2018-03-02,63500.0,63690.0,63385.0,63595.0,7143.0
2018-03-05,63485.0,63525.0,63310.0,63325.0,3160.0
2018-03-06,63405.0,63405.0,63370.0,63380.0,183.0
2018-03-07,63525.0,63600.0,63525.0,63600.0,371.0
2018-03-08,63550.0,63580.0,63500.0,63525.0,1127.0
2018-03-09,63490.0,63530.0,63490.0,63530.0,29.0
2018-03-12,63430.0,63455.0,63410.0,63455.0,17.0
2018-03-13,63505.0,63520.0,63505.0,63505.0,1015.0
2018-03-14,63630.0,63650.0,63575.0,63575.0,169.0
2018-03-15,63775.0,63805.0,63740.0,63740.0,2192.0
2018-03-16,63680.0,63695.0,63665.0,63675.0,14.0
2018-03-19,63595.0,63595.0,63560.0,63560.0,2.0
2018-03-20,63570.0,63595.0,63570.0,63585.0,1024.0
2018-03-21,63620.0,63645.0,63570.0,63570.0,449.0
2018-03-22,63710.0,63710.0,63655.0,63655.0,176.0
2018-03-23,64015.0,64020.0,63970.0,63995.0,183.0
2018-03-26,63890.0,64060.0,63890.0,64015.0,618.0
2018-03-27,63890.0,63900.0,63860.0,63890.0,1312.0
2018-03-28,64155.0,64160.0,64145.0,64155.0,23.0
2018-03-29,64175.0,64195.0,64090.0,64105.0,291.0
2018-03-30,64180.0,64225.0,64140.0,64140.0,1027.0
2018-04-02,64110.0,64180.0,64085.0,64180.0,9068.0
2018-04-03,64140.0,64145.0,64060.0,64145.0,182.0
2018-04-04,64270.0,64270.0,64140.0,64140.0,7.0
2018-04-05,64120.0,64200.0,64120.0,64170.0,228.0
2018-04-06,64270.0,64270.0,64155.0,64155.0,126.0
2018-04-09,64310.0,64310.0,64285.0,64285.0,140.0
2018-04-10,64240.0,64355.0,64225.0,64355.0,17.0
2018-04-11,64400.0,64420.0,64315.0,64340.0,92.0
2018-04-12,64470.0,64500.0,64470.0,64500.0,163.0
2018-04-13,64465.0,64465.0,64465.0,64465.0,1.0
2018-04-16,64295.0,64315.0,64265.0,64315.0,49.0
2018-04-17,64205.0,64210.0,64200.0,64200.0,27.0
2018-04-18,64275.0,64280.0,64260.0,64260.0,6.0
2018-04-19,64090.0,64135.0,64090.0,64135.0,585.0
2018-04-20,63910.0,64065.0,63910.0,64065.0,43.0
2018-04-23,63770.0,63870.0,63770.0,63870.0,328.0
2018-04-24,63770.0,63825.0,63770.0,63810.0,52.0
2018-04-25,63580.0,63685.0,63575.0,63685.0,29.0
2018-04-26,63595.0,63595.0,63560.0,63560.0,19.0
2018-04-27,63885.0,63885.0,63800.0,63800.0,27.0
2018-04-30,63890.0,63960.0,63890.0,63915.0,810.0
2018-05-02,63620.0,63655.0,63580.0,63645.0,27.0
2018-05-03,63670.0,63745.0,63660.0,63660.0,1037.0
2018-05-04,63600.0,63600.0,63585.0,63600.0,2245.0
2018-05-08,63415.0,63535.0,63415.0,63535.0,82.0
2018-05-09,63390.0,63470.0,63390.0,63470.0,50.0
2018-05-10,63460.0,63460.0,63450.0,63450.0,246.0
2018-05-11,63500.0,63525.0,63500.0,63525.0,755.0
2018-05-14,63480.0,63500.0,63480.0,63500.0,3.0
2018-05-15,63345.0,63440.0,63335.0,63440.0,30.0
2018-05-16,63280.0,63280.0,63200.0,63200.0,155.0
2018-05-17,63490.0,63490.0,63380.0,63400.0,14.0
2018-05-18,63560.0,63560.0,63430.0,63480.0,81.0
2018-05-21,63615.0,63665.0,63615.0,63625.0,90.0
2018-05-23,63695.0,63730.0,63620.0,63665.0,25.0
2018-05-24,63920.0,64035.0,63920.0,63980.0,64.0
2018-05-25,63955.0,63955.0,63955.0,63955.0,20.0
2018-05-28,63905.0,64020.0,63905.0,64010.0,1902.0
2018-05-29,63980.0,63980.0,63980.0,63980.0,2.0
2018-05-30,64000.0,64440.0,64000.0,64440.0,77.0
2018-05-31,64105.0,64130.0,64075.0,64075.0,13.0
2018-06-01,64030.0,64080.0,64030.0,64080.0,269.0
2018-06-04,63870.0,63970.0,63870.0,63970.0,56.0
2018-06-05,63850.0,63895.0,63835.0,63870.0,384.0
2018-06-07,63790.0,63815.0,63790.0,63815.0,9.0
2018-06-08,63940.0,63965.0,63835.0,63835.0,1529.0
2018-06-11,63870.0,63875.0,63855.0,63870.0,18.0
2018-06-12,63950.0,64065.0,63950.0,64030.0,122.0
2018-06-14,63985.0,63985.0,63905.0,63905.0,7.0
2018-06-15,64075.0,64105.0,64070.0,64085.0,87.0
2018-06-18,64265.0,64265.0,64250.0,64250.0,14.0
2018-06-19,64470.0,64470.0,64315.0,64350.0,83.0
2018-06-20,64450.0,64500.0,64405.0,64420.0,207.0
2018-06-21,64590.0,64600.0,64450.0,64450.0,179.0
2018-06-22,64590.0,64655.0,64590.0,64590.0,145.0
2018-06-25,64600.0,64615.0,64600.0,64615.0,9.0
2018-06-26,64540.0,64660.0,64540.0,64655.0,945.0
2018-06-27,64690.0,64690.0,64600.0,64625.0,69.0
2018-06-28,64905.0,64905.0,64805.0,64830.0,382.0
2018-06-29,64755.0,64915.0,64755.0,64870.0,1059.0
2018-07-02,64965.0,64980.0,64800.0,64820.0,3066.0
2018-07-03,64790.0,64930.0,64790.0,64895.0,367.0
2018-07-04,64885.0,64895.0,64790.0,64835.0,206.0
2018-07-05,64915.0,65065.0,64850.0,64900.0,1544.0
2018-07-06,64920.0,65015.0,64840.0,65015.0,105.0
2018-07-09,64880.0,64910.0,64865.0,64910.0,390.0
2018-07-10,64940.0,64945.0,64885.0,64885.0,55.0
2018-07-11,65095.0,65105.0,65080.0,65105.0,4.0
2018-07-12,65025.0,65150.0,64960.0,65120.0,239.0
2018-07-13,64950.0,65000.0,64925.0,64970.0,55.0
2018-07-16,64925.0,64945.0,64925.0,64935.0,23.0
2018-07-17,64995.0,65000.0,64995.0,65000.0,606.0
2018-07-18,65050.0,65050.0,64955.0,64995.0,1146.0
2018-07-19,65020.0,65070.0,65020.0,65070.0,35.0
2018-07-20,65110.0,65175.0,65110.0,65175.0,16.0
2018-07-23,65045.0,65045.0,64965.0,64965.0,24.0
2018-07-24,64875.0,64905.0,64875.0,64900.0,293.0
2018-07-25,65015.0,65015.0,64855.0,64855.0,46.0
2018-07-26,64975.0,64975.0,64960.0,64975.0,13.0
2018-07-27,64965.0,64970.0,64965.0,64970.0,2.0
2018-07-30,64855.0,64925.0,64855.0,64870.0,3.0
2018-07-31,64975.0,64975.0,64715.0,64745.0,1963.0
2018-08-01,64760.0,64980.0,64730.0,64975.0,4888.0
2018-08-02,64880.0,64880.0,64775.0,64775.0,55.0
2018-08-03,64805.0,64825.0,64790.0,64825.0,245.0
2018-08-06,64910.0,64910.0,64865.0,64880.0,189.0
2018-08-07,65010.0,65010.0,64960.0,64995.0,398.0
2018-08-08,64940.0,64950.0,64925.0,64935.0,34.0
2018-08-09,65170.0,65170.0,65075.0,65075.0,66.0
2018-08-10,65290.0,65290.0,65175.0,65175.0,182.0
2018-08-13,65310.0,65335.0,65290.0,65300.0,145.0
2018-08-14,65330.0,65365.0,65305.0,65305.0,100.0
2018-08-16,65405.0,65410.0,65340.0,65400.0,183.0
2018-08-17,65605.0,65605.0,65520.0,65535.0,155.0
2018-08-20,65710.0,65710.0,65665.0,65710.0,520.0
2018-08-21,65960.0,65960.0,65745.0,65880.0,88.0
2018-08-22,65935.0,65960.0,65885.0,65930.0,207.0
2018-08-23,65835.0,65985.0,65835.0,65985.0,1070.0
2018-08-24,65895.0,65980.0,65885.0,65980.0,558.0
2018-08-27,66015.0,66050.0,65980.0,65980.0,106.0
2018-08-28,66120.0,66120.0,65960.0,66025.0,523.0
2018-08-29,66115.0,66115.0,66045.0,66045.0,648.0
2018-08-30,66060.0,66090.0,66060.0,66060.0,312.0
2018-08-31,66330.0,66340.0,66150.0,66150.0,2286.0
2018-09-03,66470.0,66470.0,66330.0,66345.0,2155.0
2018-09-04,66470.0,66535.0,66415.0,66470.0,457.0
2018-09-05,66440.0,66470.0,66440.0,66470.0,98.0
2018-09-06,66835.0,66835.0,66595.0,66595.0,194.0
2018-09-07,66625.0,66660.0,66595.0,66645.0,289.0
2018-09-10,66620.0,66630.0,66590.0,66590.0,515.0
2018-09-11,66670.0,66740.0,66670.0,66695.0,182.0
2018-09-12,66695.0,66695.0,66655.0,66655.0,135.0
2018-09-13,66630.0,66635.0,66590.0,66615.0,665.0
2018-09-14,66445.0,66675.0,66420.0,66645.0,14068.0
2018-09-17,66370.0,66380.0,66320.0,66330.0,13855.0
2018-09-18,66355.0,66450.0,66350.0,66450.0,19600.0
2018-09-19,66130.0,66155.0,66120.0,66155.0,1751.0
2018-09-20,65795.0,66060.0,65795.0,66060.0,108.0
2018-09-21,65795.0,65855.0,65795.0,65855.0,13.0
2018-09-27,65995.0,66030.0,65740.0,65895.0,281.0
2018-09-28,66105.0,66225.0,66080.0,66115.0,2710.0
2018-10-01,66050.0,66145.0,65990.0,66105.0,3021.0
2018-10-02,66155.0,66155.0,65970.0,66015.0,311.0
2018-10-04,65715.0,65820.0,65700.0,65705.0,336.0
2018-10-05,65670.0,65715.0,65625.0,65625.0,95.0
2018-10-08,65710.0,65710.0,65610.0,65610.0,268.0
2018-10-10,65930.0,65945.0,65785.0,65785.0,828.0
2018-10-11,66150.0,66185.0,66045.0,66080.0,165.0
2018-10-12,66000.0,66115.0,65965.0,66115.0,340.0
2018-10-15,66080.0,66095.0,66070.0,66070.0,98.0
2018-10-16,66150.0,66165.0,66035.0,66090.0,674.0
2018-10-17,66345.0,66345.0,66200.0,66200.0,149.0
2018-10-18,66570.0,66570.0,66320.0,66325.0,2820.0
2018-10-19,66445.0,66570.0,66445.0,66570.0,147.0
2018-10-22,66340.0,66480.0,66340.0,66465.0,144.0
2018-10-23,66475.0,66485.0,66405.0,66405.0,278.0
2018-10-24,66535.0,66535.0,66485.0,66485.0,116.0
2018-10-25,66755.0,66790.0,66750.0,66790.0,472.0
2018-10-26,67020.0,67020.0,66850.0,66850.0,205.0
2018-10-29,67200.0,67220.0,66850.0,66890.0,1299.0
2018-10-30,67140.0,67270.0,67085.0,67270.0,1234.0
2018-10-31,66930.0,67110.0,66905.0,67110.0,289.0
2018-11-01,66850.0,66900.0,66760.0,66885.0,3206.0
2018-11-02,66740.0,66850.0,66660.0,66795.0,368.0
2018-11-05,66770.0,66775.0,66760.0,66775.0,205.0
2018-11-06,66745.0,66765.0,66675.0,66690.0,94.0
2018-11-07,66575.0,66700.0,66575.0,66700.0,4.0
2018-11-08,66825.0,66825.0,66790.0,66790.0,152.0
2018-11-09,67005.0,67070.0,66990.0,66990.0,122.0
2018-11-12,67125.0,67160.0,67125.0,67155.0,1249.0
2018-11-13,67110.0,67265.0,67110.0,67265.0,304.0
2018-11-14,67270.0,67275.0,67245.0,67245.0,111.0
2018-11-15,67080.0,67265.0,67080.0,67180.0,225.0
2018-11-16,67060.0,67090.0,66990.0,67060.0,1905.0
2018-11-19,67250.0,67270.0,67205.0,67215.0,523.0
2018-11-20,67225.0,67285.0,67165.0,67285.0,2708.0
2018-11-21,67185.0,67235.0,67185.0,67210.0,184.0
2018-11-22,67215.0,67245.0,67210.0,67215.0,541.0
2018-11-23,67430.0,67480.0,67250.0,67250.0,374.0
2018-11-26,67430.0,67430.0,67370.0,67395.0,677.0
2018-11-27,67535.0,67550.0,67430.0,67430.0,252.0
2018-11-28,67520.0,67535.0,67475.0,67535.0,638.0
2018-11-29,67765.0,67785.0,67560.0,67560.0,178.0
2018-11-30,67880.0,67930.0,67685.0,67690.0,405.0
2018-12-03,67650.0,67765.0,67620.0,67650.0,1630.0
2018-12-04,67830.0,67935.0,67785.0,67830.0,3667.0
2018-12-05,68075.0,68080.0,67950.0,67960.0,1157.0
2018-12-06,68510.0,68510.0,68105.0,68110.0,334.0
2018-12-07,68470.0,68470.0,68360.0,68430.0,741.0
2018-12-10,68445.0,68490.0,68405.0,68485.0,623.0
2018-12-11,68435.0,68480.0,68375.0,68440.0,271.0
2018-12-12,68295.0,68305.0,68230.0,68305.0,1867.0
2018-12-13,68220.0,68290.0,68180.0,68220.0,2209.0
2018-12-14,68290.0,68320.0,68220.0,68220.0,688.0
2018-12-17,68315.0,68370.0,68295.0,68295.0,1066.0
2018-12-18,68435.0,68500.0,68320.0,68365.0,981.0
2018-12-19,68695.0,68780.0,68610.0,68610.0,1090.0
2018-12-20,68705.0,68730.0,68680.0,68720.0,534.0
2018-12-21,68495.0,68670.0,68475.0,68630.0,569.0
2018-12-24,68390.0,68495.0,68385.0,68450.0,1003.0
2018-12-26,68620.0,68730.0,68510.0,68525.0,234.0
2018-12-27,68665.0,68665.0,68485.0,68485.0,288.0
2018-12-28,68630.0,68645.0,68580.0,68630.0,1115.0
2019-01-02,68645.0,68825.0,68605.0,68635.0,1970.0
2019-01-03,68630.0,68725.0,68630.0,68725.0,1127.0
2019-01-04,68450.0,68795.0,68330.0,68715.0,1352.0
2019-01-07,68475.0,68500.0,68365.0,68375.0,1876.0
2019-01-08,68420.0,68505.0,68300.0,68385.0,571.0
2019-01-09,68280.0,68280.0,68170.0,68245.0,301.0
2019-01-10,68460.0,68500.0,68410.0,68425.0,2386.0
2019-01-11,68370.0,68435.0,68370.0,68415.0,757.0
2019-01-14,68525.0,68525.0,68325.0,68385.0,289.0
2019-01-15,68585.0,68600.0,68525.0,68525.0,564.0
2019-01-16,68520.0,68655.0,68475.0,68620.0,1668.0
2019-01-17,68560.0,68570.0,68490.0,68510.0,394.0
2019-01-18,68375.0,68450.0,68370.0,68450.0,1867.0
2019-01-21,68255.0,68340.0,68245.0,68280.0,3294.0
2019-01-22,68415.0,68425.0,68200.0,68220.0,339.0
2019-01-23,68505.0,68520.0,68380.0,68455.0,1033.0
2019-01-24,68435.0,68540.0,68435.0,68475.0,485.0
2019-01-25,68370.0,68505.0,68360.0,68440.0,580.0
2019-01-28,68300.0,68335.0,68275.0,68325.0,350.0
2019-01-29,68200.0,68310.0,68200.0,68310.0,357.0
2019-01-30,68075.0,68255.0,68075.0,68200.0,164.0
2019-01-31,68365.0,68375.0,68205.0,68205.0,691.0
2019-02-01,68490.0,68500.0,68345.0,68450.0,943.0
2019-02-07,68445.0,68540.0,68435.0,68480.0,1026.0
2019-02-08,68610.0,68665.0,68520.0,68520.0,2106.0
2019-02-11,68760.0,68760.0,68610.0,68610.0,180.0
2019-02-12,68550.0,68720.0,68550.0,68710.0,2267.0
2019-02-13,68550.0,68610.0,68505.0,68525.0,219.0
2019-02-14,68525.0,68585.0,68500.0,68550.0,520.0
2019-02-15,68675.0,68720.0,68655.0,68655.0,422.0
2019-02-18,68500.0,68640.0,68500.0,68640.0,504.0
2019-02-19,68505.0,68535.0,68480.0,68505.0,125.0
2019-02-20,68525.0,68575.0,68505.0,68570.0,1055.0
2019-02-21,68425.0,68545.0,68345.0,68545.0,808.0
2019-02-22,68430.0,68430.0,68375.0,68385.0,205.0
2019-02-25,68415.0,68490.0,68415.0,68430.0,282.0
2019-02-26,68430.0,68490.0,68420.0,68420.0,75.0
2019-02-27,68540.0,68560.0,68475.0,68475.0,50.0
2019-02-28,68550.0,68550.0,68420.0,68520.0,129.0
2019-03-04,68310.0,68370.0,68290.0,68365.0,1806.0
2019-03-05,68335.0,68375.0,68305.0,68325.0,202.0
2019-03-06,68380.0,68385.0,68360.0,68360.0,237.0
2019-03-07,68505.0,68525.0,68435.0,68475.0,253.0
2019-03-08,68695.0,68700.0,68595.0,68595.0,511.0
2019-03-11,68630.0,68695.0,68605.0,68695.0,1050.0
2019-03-12,68605.0,68605.0,68550.0,68570.0,224.0
2019-03-13,68740.0,68770.0,68685.0,68685.0,321.0
2019-03-14,68615.0,68725.0,68615.0,68700.0,225.0
2019-03-15,68590.0,68620.0,68515.0,68620.0,736.0
2019-03-18,68520.0,68580.0,68505.0,68580.0,370.0
2019-03-19,68615.0,68615.0,68520.0,68525.0,59.0
2019-03-20,68615.0,68665.0,68600.0,68600.0,307.0
2019-03-21,68910.0,68910.0,68775.0,68775.0,1279.0
2019-03-22,68865.0,68935.0,68865.0,68885.0,334.0
2019-03-25,69180.0,69215.0,69085.0,69085.0,716.0
2019-03-26,69070.0,69125.0,69060.0,69100.0,407.0
2019-03-27,69350.0,69350.0,69135.0,69135.0,222.0
2019-03-28,69530.0,69620.0,69435.0,69455.0,479.0
2019-03-29,69525.0,69605.0,69495.0,69575.0,2560.0
2019-04-01,69320.0,69475.0,69320.0,69430.0,1482.0
2019-04-02,69400.0,69400.0,69160.0,69160.0,1124.0
2019-04-03,69210.0,69465.0,69210.0,69400.0,405.0
2019-04-04,69280.0,69280.0,69150.0,69225.0,726.0
2019-04-05,69155.0,69230.0,69155.0,69230.0,199.0
2019-04-08,69330.0,69420.0,69280.0,69280.0,1328.0
2019-04-09,69275.0,69350.0,69230.0,69265.0,1246.0
2019-04-10,69325.0,69340.0,69300.0,69320.0,508.0
2019-04-11,69345.0,69410.0,69300.0,69340.0,551.0
2019-04-12,69245.0,69260.0,69220.0,69245.0,87.0
2019-04-15,69015.0,69060.0,68980.0,69040.0,3770.0
2019-04-16,68980.0,69130.0,68980.0,69020.0,617.0
2019-04-17,68860.0,68930.0,68830.0,68930.0,637.0
2019-04-18,69250.0,69250.0,69065.0,69065.0,437.0
2019-04-19,69175.0,69225.0,69130.0,69215.0,961.0
2019-04-22,68980.0,69145.0,68980.0,69145.0,1972.0
2019-04-23,69025.0,69105.0,69000.0,69035.0,548.0
2019-04-24,69090.0,69130.0,68995.0,69045.0,1456.0
2019-04-25,69315.0,69470.0,69315.0,69455.0,539.0
2019-04-26,69315.0,69395.0,69290.0,69395.0,1010.0
2019-04-29,69375.0,69375.0,69340.0,69355.0,450.0
2019-04-30,69490.0,69500.0,69340.0,69340.0,1139.0
2019-05-02,69275.0,69400.0,69270.0,69400.0,3970.0
2019-05-03,69160.0,69320.0,69155.0,69285.0,2471.0
2019-05-07,69355.0,69395.0,69330.0,69375.0,6439.0
2019-05-08,69325.0,69365.0,69310.0,69350.0,3801.0
2019-05-09,69420.0,69430.0,69340.0,69340.0,1249.0
2019-05-10,69370.0,69465.0,69335.0,69395.0,668.0
2019-05-13,69365.0,69460.0,69365.0,69455.0,12643.0
2019-05-14,69360.0,69505.0,69360.0,69435.0,359.0
2019-05-15,69445.0,69455.0,69410.0,69440.0,861.0
2019-05-16,69665.0,69665.0,69525.0,69525.0,1370.0
2019-05-17,69680.0,69680.0,69545.0,69630.0,5036.0
2019-05-20,69510.0,69600.0,69510.0,69585.0,6665.0
2019-05-21,69660.0,69675.0,69510.0,69515.0,1041.0
2019-05-22,69645.0,69675.0,69580.0,69595.0,1517.0
2019-05-23,69780.0,69810.0,69695.0,69695.0,784.0
2019-05-24,69910.0,69935.0,69840.0,69895.0,426.0
2019-05-27,69845.0,69890.0,69820.0,69850.0,2615.0
2019-05-28,69785.0,69885.0,69735.0,69865.0,1670.0
2019-05-29,70165.0,70165.0,69960.0,69960.0,412.0
2019-05-30,70165.0,70165.0,70075.0,70090.0,316.0
2019-05-31,70490.0,70505.0,70220.0,70250.0,2161.0
2019-06-03,70420.0,70560.0,70405.0,70560.0,6078.0
2019-06-04,70500.0,70550.0,70490.0,70515.0,1910.0
2019-06-05,70710.0,70710.0,70430.0,70430.0,337.0
2019-06-07,70690.0,70720.0,70575.0,70625.0,1057.0
2019-06-10,70575.0,70670.0,70575.0,70615.0,4823.0
2019-06-11,70450.0,70545.0,70450.0,70545.0,1207.0
2019-06-12,70895.0,70895.0,70550.0,70550.0,949.0
2019-06-13,70835.0,71000.0,70810.0,70855.0,6967.0
2019-06-14,70915.0,70915.0,70835.0,70855.0,1723.0
2019-06-17,70755.0,70810.0,70725.0,70795.0,851.0
2019-06-18,70785.0,70900.0,70725.0,70765.0,18127.0
2019-06-19,70825.0,70895.0,70800.0,70870.0,800.0
2019-06-20,71195.0,71240.0,71035.0,71035.0,14844.0
2019-06-21,71060.0,71150.0,71060.0,71125.0,831.0
2019-06-24,71115.0,71130.0,70980.0,70980.0,501.0
2019-06-25,70975.0,71245.0,70975.0,71170.0,956.0
2019-06-26,70815.0,70950.0,70760.0,70925.0,2770.0
2019-06-27,70825.0,70835.0,70795.0,70800.0,410.0
2019-06-28,70890.0,70925.0,70825.0,70925.0,1817.0
2019-07-01,70845.0,70940.0,70750.0,70760.0,4290.0
2019-07-02,70940.0,70980.0,70875.0,70875.0,703.0
2019-07-03,71255.0,71255.0,71115.0,71115.0,337.0
2019-07-04,71275.0,71295.0,71220.0,71250.0,308.0
2019-07-05,71285.0,71435.0,71265.0,71350.0,2230.0
2019-07-08,71225.0,71235.0,71080.0,71080.0,1608.0
2019-07-09,71265.0,71345.0,71225.0,71230.0,313.0
2019-07-10,71120.0,71190.0,71120.0,71185.0,1591.0
2019-07-11,71190.0,71350.0,71190.0,71295.0,1438.0
2019-07-12,71040.0,71045.0,70960.0,71015.0,717.0
2019-07-15,71020.0,71155.0,71020.0,71130.0,1240.0
2019-07-16,71055.0,71155.0,71055.0,71105.0,630.0
2019-07-17,71210.0,71220.0,71070.0,71080.0,344.0
2019-07-18,71665.0,71665.0,71290.0,71290.0,1516.0
2019-07-19,71770.0,71850.0,71670.0,71670.0,15083.0
2019-07-22,71685.0,71755.0,71685.0,71740.0,1461.0
2019-07-23,71675.0,71740.0,71675.0,71730.0,1687.0
