연도,월,단위가격(오세아니아),금액(오세아니아),중량(ton)(오세아니아),단위가격(북아메리카),금액(북아메리카),중량(북아메리카),단위가격(중남미),금액(중남미),중량(중남미),단위가격(중동),금액(중동),중량(중동),단위가격(아시아),금액(아시아),중량(아시아),단위가격(아프리카),금액(아프리카),중량(아프리카),단위가격(유럽),금액(유럽),중량(유럽),단위가격(러시아),금액(러시아),중량(러시아),단위가격(기타),금액(기타),중량(기타)
1988,01,0,0,0,0,0,0,0,0,0,0,0,0,180.2389453,21,116512,0,0,0,0,0,0,0,0,0,0,0,0
1988,02,0,0,0,0,0,0,0,0,0,0,0,0,180.595449,21,116282,0,0,0,0,0,0,0,0,0,0,0,0
1988,03,0,0,0,0,0,0,0,0,0,0,0,0,169.2448296,10,59086,0,0,0,0,0,0,0,0,0,0,0,0
1988,04,0,0,0,0,0,0,0,0,0,0,0,0,190.8882667,33,172876,0,0,0,0,0,0,0,0,0,0,0,0
1988,05,0,0,0,0,0,0,0,0,0,0,0,0,194.6063762,45,231236,0,0,0,0,0,0,0,0,0,0,0,0
1988,06,0,0,0,0,0,0,0,0,0,0,0,0,188.4174646,33,175143,0,0,0,0,0,0,0,0,0,0,0,0
1988,07,0,0,0,0,0,0,0,0,0,0,0,0,183.7318565,21,114297,0,0,0,0,0,0,0,0,0,0,0,0
1988,08,0,0,0,0,0,0,0,0,0,0,0,0,166.3645836,38,228414,0,0,0,0,0,0,0,0,0,0,0,0
1988,09,0,0,0,0,0,0,0,0,0,0,0,0,153.313096,35,228291,0,0,0,0,0,0,0,0,0,0,0,0
1988,10,0,0,0,0,0,0,0,0,0,0,0,0,157.0077806,18,114644,0,0,0,0,0,0,0,0,0,0,0,0
1988,11,0,0,0,0,0,0,0,0,0,0,0,0,140.5370271,32,227698,0,0,0,0,0,0,0,0,0,0,0,0
1988,12,0,0,0,0,0,0,0,0,0,0,0,0,132.1958614,15,113468,0,0,0,0,0,0,0,0,0,0,0,0
1989,01,0,0,0,0,0,0,0,0,0,0,0,0,143.3216586,32,223274,0,0,0,0,0,0,0,0,0,0,0,0
1989,02,0,0,0,0,0,0,0,0,0,0,0,0,160.018491,18,112487,0,0,0,0,0,0,0,0,0,0,0,0
1989,03,0,0,0,0,0,0,0,0,0,0,0,0,177.6151612,20,112603,0,0,0,0,0,0,0,0,0,0,0,0
1989,04,0,0,0,0,0,0,0,0,0,0,0,0,176.2021391,30,170259,0,0,0,0,0,0,0,0,0,0,0,0
1989,05,0,0,0,0,0,0,0,0,0,0,0,0,179.5428838,30,167091,0,0,0,0,0,0,0,0,0,0,0,0
1989,06,0,0,0,0,0,0,0,0,0,0,0,0,183.9937323,31,168484,0,0,0,0,0,0,0,0,0,0,0,0
1989,07,0,0,0,0,0,0,0,0,0,0,0,0,183.4952716,41,223439,0,0,0,0,0,0,0,0,0,0,0,0
1989,08,0,0,0,0,0,0,0,0,0,0,0,0,179.6095289,30,167029,0,0,0,0,0,0,0,0,0,0,0,0
1989,09,0,0,0,0,0,0,0,0,0,0,0,0,172.0976328,29,168509,0,0,0,0,0,0,0,0,0,0,0,0
1989,10,0,0,0,0,0,0,0,0,0,0,0,0,173.8556998,29,166805,0,0,0,0,0,0,0,0,0,0,0,0
1989,11,0,0,0,0,0,0,0,0,0,0,0,0,172.4517284,29,168163,0,0,0,0,0,0,0,0,0,0,0,0
1989,12,0,0,0,0,0,0,0,0,0,0,0,0,180.3285586,30,166363,0,0,0,0,0,0,0,0,0,0,0,0
1990,01,0,0,0,0,0,0,0,0,0,0,0,0,178.874877,40,223620,0,0,0,0,0,0,0,0,0,0,0,0
1990,02,0,0,0,0,0,0,0,0,0,0,0,0,190.3560849,32,168106,0,0,0,0,0,0,0,0,0,0,0,0
1990,03,0,0,0,0,0,0,0,0,0,0,0,0,190.8840916,32,167641,0,0,0,0,0,0,0,0,0,0,0,0
1990,04,0,0,0,0,0,0,0,0,0,0,0,0,191.8810338,32,166770,0,0,0,0,0,0,0,0,0,0,0,0
1990,05,0,0,0,0,0,21,0,0,0,0,0,0,178.2446467,30,168308,0,0,0,0,0,0,0,0,0,0,0,0
1990,06,0,0,0,0,0,0,0,0,0,0,0,0,168.4798306,28,166192,0,0,0,0,0,0,0,0,0,0,0,0
1990,07,0,0,0,0,0,0,0,0,0,0,0,0,160.7525601,27,167960,0,0,0,0,0,0,0,0,0,0,0,0
1990,08,0,0,0,0,0,0,0,0,0,0,0,0,155.6261859,26,167067,0,0,0,0,0,0,0,0,0,0,0,0
1990,09,0,0,0,0,0,0,0,0,0,0,0,0,170.0208499,38,223502,0,0,0,0,0,0,0,0,0,0,0,0
1990,10,0,0,0,0,0,0,0,0,0,0,0,0,228.5513361,39,170640,0,0,0,0,0,0,0,0,0,0,0,0
1990,11,0,0,0,0,0,0,0,0,0,0,0,0,299.3864811,67,223791,0,0,0,0,0,0,0,0,0,0,0,0
1990,12,0,0,0,0,0,0,0,0,0,0,0,0,303.9309898,68,223735,0,0,0,0,0,0,0,0,0,0,0,0
1991,01,0,0,0,0,0,0,0,0,0,0,0,0,241.6882811,41,169640,0,0,0,0,0,0,0,0,0,0,0,0
1991,02,0,0,0,0,0,0,0,0,0,0,0,0,235.6538363,80,339481,0,0,0,0,0,0,0,0,0,0,0,0
1991,03,0,0,0,0,0,0,0,0,0,0,0,0,198.9355205,57,286525,0,0,0,0,0,0,0,0,0,0,0,0
1991,04,0,0,0,0,0,0,0,0,0,0,0,0,172.3871196,39,226235,0,0,0,0,0,0,0,0,0,0,0,0
1991,05,0,0,0,0,0,0,0,0,0,0,0,0,176.8761027,40,226147,0,0,0,0,0,0,0,0,0,0,0,0
1991,06,0,0,0,0,0,0,0,0,0,0,0,0,167.8193204,19,113217,0,0,0,0,0,0,0,0,0,0,0,0
1991,07,0,0,0,0,0,0,0,0,0,0,0,0,180.8202239,31,171441,0,0,0,0,0,0,0,0,0,0,0,0
1991,08,0,0,0,0,0,0,0,0,0,0,0,0,182.861727,31,169527,0,0,0,0,0,0,0,0,0,0,0,0
1991,09,0,0,0,0,0,0,0,0,0,0,0,0,179.3015677,51,284437,0,0,0,0,0,0,0,0,0,0,0,0
1991,10,0,0,0,0,0,0,0,0,0,0,0,0,186.0506324,42,225745,0,0,0,0,0,0,0,0,0,0,0,0
1991,11,0,0,0,0,0,0,0,0,0,0,0,0,194.8791085,44,225781,0,0,0,0,0,0,0,0,0,0,0,0
1991,12,0,0,0,0,0,0,0,0,0,0,0,0,196.0714413,11,56102,0,0,0,0,0,0,0,0,0,0,0,0
1992,01,0,0,0,0,0,0,0,0,0,0,0,0,188.1697189,74,393262,0,0,0,0,0,0,0,0,0,0,0,0
1992,02,0,0,0,0,0,0,0,0,0,0,0,0,181.8437786,31,170476,0,0,0,0,0,0,0,0,0,0,0,0
1992,03,0,0,0,0,0,0,0,0,0,0,0,0,176.3116485,40,226871,0,0,0,0,0,0,0,0,0,0,0,0
1992,04,0,0,0,0,0,0,0,0,0,0,0,0,170.2102684,58,340755,0,0,0,0,0,0,0,0,0,0,0,0
1992,05,0,0,0,0,0,0,0,0,0,0,0,0,178.5140491,10,56018,0,0,0,0,0,0,0,0,0,0,0,0
1992,06,0,0,0,0,0,0,0,0,0,0,0,0,186.1858933,42,225581,0,0,0,0,0,0,0,0,0,0,0,0
1992,07,0,0,0,0,0,0,0,0,0,0,0,0,194.6179296,22,113042,0,0,0,0,0,0,0,0,0,0,0,0
1992,08,0,0,0,0,0,0,0,0,0,0,0,0,198.5062405,56,282107,0,0,0,0,0,0,0,0,0,0,0,0
1992,09,0,0,0,0,0,0,0,0,0,0,0,0,200.0489008,45,224945,0,0,0,0,0,0,0,0,0,0,0,0
1992,10,0,0,0,0,0,0,0,0,0,0,0,0,194.9013799,55,282194,0,0,0,0,0,0,0,0,0,0,0,0
1992,11,0,0,0,0,0,0,0,0,0,0,0,0,195.1484903,66,338204,0,0,0,0,0,0,0,0,0,0,0,0
1992,12,0,0,0,0,0,0,0,0,0,0,0,0,185.1634141,63,340240,0,0,0,0,0,0,0,0,0,0,0,0
1993,01,0,0,0,0,0,0,0,0,0,0,0,0,181.8956185,82,450808,0,0,0,0,0,0,0,0,0,0,0,0
1993,02,0,0,0,0,0,0,0,0,0,0,0,0,178.9431617,60,335302,0,0,0,0,0,0,0,0,0,0,0,0
1993,03,0,0,0,0,0,0,0,0,0,0,0,0,180.941723,92,508451,0,0,0,0,0,0,0,0,0,0,0,0
1993,04,0,0,0,0,0,0,0,0,0,0,0,0,175.6563693,60,341576,0,0,0,0,0,0,0,0,0,0,0,0
1993,05,0,0,0,0,0,0,0,0,0,0,0,0,185.6990694,53,285408,0,0,0,0,0,0,0,0,0,0,0,0
1993,06,0,0,0,0,0,0,0,0,0,0,0,0,185.4275353,52,280433,0,0,0,0,0,0,0,0,0,0,0,0
1993,07,0,0,0,0,0,0,0,0,0,0,0,0,181.3178609,51,281274,0,0,0,0,0,0,0,0,0,0,0,0
1993,08,0,0,0,0,0,0,0,0,0,0,0,0,169.8399612,48,282619,0,0,0,0,0,0,0,0,0,0,0,0
1993,09,0,0,0,0,0,0,0,0,0,0,0,0,173.408359,49,282570,0,0,0,0,0,0,0,0,0,0,0,0
1993,10,0,0,0,0,0,0,0,0,0,0,0,0,169.8718355,67,394415,0,0,0,0,0,0,0,0,0,0,0,0
1993,11,0,0,0,0,0,0,0,0,0,0,0,0,168.3136303,76,451538,0,0,0,0,0,0,0,0,0,0,0,0
1993,12,175.9757857,10,56826,0,0,0,0,0,0,0,0,0,157.4998474,80,507937,0,0,0,0,0,0,0,0,0,0,0,0
1994,01,0,0,0,0,0,0,0,0,0,0,0,0,149.1115836,93,623694,0,0,0,0,0,0,0,0,0,0,0,0
1994,02,0,0,0,0,0,0,0,0,0,0,0,0,152.644281,95,622362,0,0,0,0,0,0,0,0,0,0,0,0
1994,03,0,0,0,0,0,0,0,0,0,0,0,0,156.7772302,88,561306,0,0,0,0,0,0,0,0,0,0,0,0
1994,04,0,0,0,0,0,0,0,0,0,0,0,0,146.3419557,58,396332,0,0,0,0,0,0,0,0,0,0,0,0
1994,05,0,0,0,0,0,0,0,0,0,0,0,0,155.2872815,62,399260,0,0,0,0,0,0,0,0,0,0,0,0
1994,06,0,0,0,0,0,0,0,0,0,0,0,0,157.674822,54,342477,0,0,0,0,0,0,0,0,0,0,0,0
1994,07,0,0,0,0,0,0,0,0,0,0,0,0,167.0314986,57,341253,0,0,0,0,0,0,0,0,0,0,0,0
1994,08,0,0,0,0,0,0,0,0,0,0,0,0,172.5367211,68,394119,0,0,0,0,0,0,0,0,0,0,0,0
1994,09,0,0,0,0,0,0,0,0,0,0,0,0,175.8016555,70,398176,0,0,0,0,0,0,0,0,0,0,0,0
1994,10,0,0,0,0,0,0,0,0,0,0,0,0,166.662963,75,450010,0,0,0,0,0,0,0,0,0,0,0,0
1994,11,0,0,0,0,0,0,0,0,0,0,0,0,165.4655599,121,731270,0,0,0,0,0,0,0,0,0,0,0,0
1994,12,0,0,0,0,0,0,0,0,0,0,0,0,163.014242,120,736132,0,0,0,0,0,0,0,0,0,0,0,0
1995,01,0,0,0,0,0,0,0,0,0,0,0,0,171.8035004,126,733396,0,0,0,0,0,0,0,0,0,0,0,0
1995,02,174.7854509,20,114426,0,0,0,0,0,0,0,0,0,176.1703034,129,732246,0,0,0,0,0,0,0,0,0,0,0,0
1995,03,0,0,0,0,0,0,0,0,0,0,0,0,180.0071118,122,677751,0,0,0,0,0,0,0,0,0,0,0,0
1995,04,0,0,0,0,0,0,0,0,0,0,0,0,179.5750189,91,506752,0,0,0,0,0,0,0,0,0,0,0,0
1995,05,0,0,0,0,0,0,0,0,0,0,0,0,206.4872522,93,450391,0,0,0,0,0,0,0,0,0,0,0,0
1995,06,0,0,0,0,0,0,0,0,0,0,0,0,215.5306039,73,338699,0,0,0,0,0,0,0,0,0,0,0,0
1995,07,0,0,0,0,0,0,0,0,0,0,0,0,253.9270524,72,283546,0,0,0,0,0,0,0,0,0,0,0,0
1995,08,0,0,0,0,0,0,0,0,0,0,0,0,188.0990956,75,398726,0,0,0,0,0,0,0,0,0,0,0,0
1995,09,0,0,0,0,0,0,0,0,0,0,0,0,204.1714785,64,313462,0,0,0,0,0,0,0,0,0,0,0,0
1995,10,0,0,0,0,0,0,0,0,0,0,0,0,214.2650973,121,564721,0,0,0,0,0,0,0,0,0,0,0,0
1995,11,0,0,0,0,0,0,0,0,0,0,0,0,171.4844472,141,822232,0,0,0,0,0,0,0,0,0,0,0,0
1995,12,0,0,0,0,0,0,0,0,0,0,0,0,181.876329,149,819238,0,0,0,0,0,0,0,0,0,0,0,0
1996,01,0,0,0,0,0,0,0,0,0,0,0,0,181.4911977,176,969744,0,0,0,0,0,0,0,0,0,0,0,0
1996,02,0,0,0,0,0,0,0,0,0,0,0,0,186.2355624,160,859127,0,0,0,0,0,0,0,0,0,0,0,0
1996,03,0,0,0,0,0,0,0,0,0,0,0,0,187.0888052,181,967455,0,0,0,0,0,0,0,0,0,0,0,0
1996,04,0,0,0,0,0,0,0,0,0,0,0,0,184.8412676,148,800687,0,0,0,0,0,0,0,0,0,0,0,0
1996,05,0,0,0,0,0,0,0,0,0,0,0,0,192.3329581,142,738303,0,0,0,0,0,0,0,0,0,0,0,0
1996,06,0,0,0,0,0,0,0,0,0,0,0,0,190.0838308,98,515562,0,0,0,0,0,0,0,0,0,0,0,0
1996,07,0,0,0,0,0,0,0,0,0,0,0,0,300.9340994,75,249224,0,0,0,0,0,0,0,0,0,0,0,0
1996,08,0,0,0,0,0,0,0,0,0,0,0,0,380.5351624,123,323229,0,0,0,0,0,0,0,0,0,0,0,0
1996,09,0,0,0,0,0,0,0,0,0,0,0,0,192.3376654,116,603106,0,0,0,0,0,0,0,0,0,0,0,0
1996,10,0,0,0,0,0,0,0,0,0,0,0,0,200.229062,200,998856,0,0,0,0,0,0,0,0,0,0,0,0
1996,11,197.1078897,11,55807,0,0,0,0,0,0,0,0,0,212.4071448,182,856845,0,0,0,0,0,0,0,0,0,0,0,0
1996,12,0,0,0,0,0,0,0,0,0,0,0,0,200.758032,265,1319997,0,0,0,0,0,0,0,0,0,0,0,0
1997,01,0,0,0,0,0,0,0,0,0,0,0,0,213.5260922,231,1081835,0,0,0,0,0,0,0,0,0,0,0,0
1997,02,0,0,0,0,0,0,0,0,0,0,0,0,219.3019168,262,1194700,0,0,0,0,0,0,0,0,0,0,0,0
1997,03,0,0,0,0,0,0,0,0,0,0,0,0,206.8867766,235,1135887,0,0,0,0,0,0,0,0,0,0,0,0
1997,04,0,0,0,0,0,0,0,0,0,0,0,0,202.1094628,231,1142945,0,0,0,0,0,0,0,0,0,0,0,0
1997,05,0,0,0,0,0,0,0,0,0,0,0,0,201.6792163,149,738797,0,0,0,0,0,0,0,0,0,0,0,0
1997,06,0,0,0,0,0,0,0,0,0,0,0,0,204.2307866,140,685499,0,0,0,0,0,0,0,0,0,0,0,0
1997,07,0,0,0,0,0,0,0,0,0,0,0,0,197.0825375,123,624104,0,0,0,0,0,0,0,0,0,0,0,0
1997,08,0,0,0,0,0,0,0,0,0,0,0,0,187.7190667,128,681870,0,0,0,0,0,0,0,0,0,0,0,0
1997,09,0,0,0,0,0,0,0,0,0,0,0,0,188.242714,117,621538,0,0,0,0,0,0,0,0,0,0,0,0
1997,10,0,0,0,0,0,0,0,0,0,0,0,0,189.1086584,201,1062881,0,0,0,0,0,0,0,0,0,0,0,0
1997,11,0,0,0,0,0,0,0,0,0,0,0,0,196.0343557,225,1147758,0,0,0,0,0,0,0,0,0,0,0,0
1997,12,0,0,0,0,0,0,0,0,0,0,0,0,188.4287041,255,1353297,0,0,0,0,0,0,0,0,0,0,0,0
1998,01,0,0,0,0,0,0,0,0,0,0,0,0,178.5081954,184,1030765,0,0,0,0,0,0,0,0,0,0,0,0
1998,02,0,0,0,0,0,0,0,0,0,0,0,0,165.9143131,212,1277768,0,0,0,0,0,0,0,0,0,0,0,0
1998,03,0,0,0,0,0,0,0,0,0,0,0,0,160.6205389,130,809361,0,0,0,0,0,0,0,0,0,0,0,0
1998,04,0,0,0,0,0,0,0,0,0,0,0,0,161.2850698,104,644821,0,0,0,0,0,0,0,0,0,0,0,0
1998,05,0,0,0,0,0,0,0,0,0,0,0,0,154.7987616,79,510340,0,0,0,0,0,0,0,0,0,0,0,0
1998,06,0,0,0,0,0,0,0,0,0,0,0,0,150.6086361,102,677252,0,0,0,0,0,0,0,0,0,0,0,0
1998,07,0,0,0,0,0,0,0,0,0,0,0,0,140.6965435,103,732072,0,0,0,0,0,0,0,0,0,0,0,0
1998,08,0,0,0,0,0,0,0,0,0,0,0,0,142.3457995,96,674414,0,0,0,0,0,0,0,0,0,0,0,0
1998,09,0,0,0,0,0,0,0,0,0,0,0,0,135.9309083,84,617961,0,0,0,0,0,0,0,0,0,0,0,0
1998,10,0,0,0,0,0,0,0,0,0,0,0,0,142.9556764,137,958339,0,0,0,0,0,0,0,0,0,0,0,0
1998,11,0,0,0,0,0,0,0,0,0,0,0,0,144.0999138,170,1179737,0,0,0,0,0,0,0,0,0,0,0,0
1998,12,0,0,0,0,0,0,0,0,0,131.607087,8,60787,138.837741,141,1015574,0,0,0,0,0,0,0,0,0,0,0,0
1999,01,0,0,0,0,0,0,0,0,0,130.5781347,8,61266,132.8180387,225,1694047,0,0,0,0,0,0,0,0,0,0,0,0
1999,02,0,0,0,0,0,0,0,0,0,0,0,0,135.1306519,167,1235841,0,0,0,0,0,0,0,0,0,0,0,0
1999,03,0,0,0,0,0,0,0,0,0,0,0,0,128.502931,131,1019432,0,0,0,0,0,0,0,0,0,0,0,0
1999,04,0,0,0,0,0,0,0,0,0,0,0,0,135.1657458,145,1072757,0,0,0,0,0,0,0,0,0,0,0,0
1999,05,0,0,0,0,0,0,0,0,0,0,0,0,147.2398197,117,794622,0,0,0,0,0,0,0,0,0,0,0,0
1999,06,0,0,0,0,0,0,0,0,0,0,0,0,156.1134008,105,672588,0,0,0,0,0,0,0,0,0,0,0,0
1999,07,0,0,0,0,0,0,0,0,0,0,0,0,154.6959084,122,788644,0,0,0,0,0,0,0,0,0,0,0,0
1999,08,0,0,0,0,0,0,0,0,0,0,0,0,174.1181528,128,735133,0,0,0,0,0,0,0,0,0,0,0,0
1999,09,0,0,0,0,0,0,0,0,0,158.6519594,19,119759,184.9059194,167,903162,0,0,0,0,0,0,0,0,0,0,0,0
1999,10,0,0,0,0,0,0,0,0,0,167.4088459,20,119468,196.4795927,155,788886,0,0,0,0,0,0,0,0,0,0,0,0
1999,11,0,0,0,0,0,0,0,0,0,174.7727954,21,120156,200.0900405,216,1079514,0,0,0,0,0,0,0,0,0,0,0,0
1999,12,0,0,0,0,0,0,0,0,0,191.2363848,23,120270,210.6802364,202,958799,0,0,0,0,0,0,0,0,0,0,0,0
2000,01,184.1484973,10,54304,0,0,0,0,0,0,195.7898432,58,296236,219.9142278,387,1759777,0,0,0,0,0,0,0,0,0,0,0,0
2000,02,0,0,0,0,0,0,0,0,0,213.2064834,90,422126,233.8248873,254,1086283,0,0,0,0,0,0,0,0,0,0,0,0
2000,03,0,0,0,0,0,0,0,0,0,228.343678,55,240865,244.1036035,330,1351885,0,0,0,0,0,0,0,0,0,0,0,0
2000,04,0,0,0,0,0,0,0,0,0,246.1752571,75,304661,247.2282904,238,962673,0,0,0,0,0,0,0,0,0,0,0,0
2000,05,0,0,0,0,0,0,0,0,0,255.5083801,94,367894,240.9769946,137,568519,0,0,0,0,0,0,0,0,0,0,0,0
2000,06,0,0,0,0,0,0,0,0,0,258.9515461,95,366864,255.7628619,117,457455,0,0,0,0,0,0,0,0,0,0,0,0
2000,07,0,0,0,0,0,0,0,0,0,261.3072549,80,306153,272.6184671,123,451180,0,0,0,0,0,0,0,0,0,0,0,0
2000,08,0,0,0,0,0,0,0,0,0,248.9919061,77,309247,278.1197549,143,514167,0,0,0,0,0,0,0,0,0,0,0,0
2000,09,0,0,0,0,0,0,0,0,0,261.3994674,144,550881,284.7757556,129,452988,0,0,0,0,0,0,0,0,0,0,0,0
2000,10,0,0,0,0,0,0,0,0,0,267.3414302,114,426421,296.5683259,188,633918,0,0,0,0,0,0,0,0,0,0,0,0
2000,11,0,0,0,0,0,0,0,0,0,278.0080884,170,611493,289.8535166,216,745204,0,0,0,0,0,0,0,0,0,0,0,0
2000,12,0,0,0,0,0,0,0,0,0,275.035152,267,970785,284.2731709,292,1027181,0,0,0,0,0,0,0,0,0,0,0,0
2001,01,0,0,0,0,0,0,0,0,0,290.933742,206,708065,269.7420655,265,982420,0,0,0,0,0,0,0,0,0,0,0,0
2001,02,280.4409935,16,57053,0,0,0,0,0,0,302.0600495,270,893862,259.7097434,252,970314,0,0,0,0,0,0,0,0,0,0,0,0
2001,03,0,0,0,0,0,0,0,0,0,299.3008086,291,972266,263.0604009,240,912338,0,0,0,0,0,0,0,0,0,0,0,0
2001,04,0,0,0,0,0,0,0,0,0,286.0546323,140,489417,274.6944813,174,633431,0,0,0,0,0,0,0,0,0,0,0,0
2001,05,0,0,0,0,0,0,0,0,0,253.4058362,205,808979,261.8364628,90,343726,0,0,0,0,0,0,0,0,0,0,0,0
2001,06,0,0,0,0,0,0,0,0,0,255.1664418,188,736774,243.1991106,14,57566,0,0,0,0,0,0,0,0,0,0,0,0
2001,07,0,0,0,0,0,0,0,0,0,247.0188783,106,429117,249.7108611,57,228264,0,0,0,0,0,0,0,0,0,0,0,0
2001,08,0,0,0,0,0,0,0,0,0,240.0066714,118,491653,258.3866164,59,228340,0,0,0,0,0,0,0,0,0,0,0,0
2001,09,0,0,0,0,0,0,0,0,0,247.5693604,136,549341,248.1133505,113,455437,0,0,0,0,0,0,0,0,0,0,0,0
2001,10,0,0,0,0,0,0,0,0,0,256.0747024,172,671679,249.5313007,113,452849,0,0,0,0,0,0,0,0,0,0,0,0
2001,11,0,0,0,0,0,0,0,0,0,256.2226295,229,893754,228.4513884,174,761650,0,0,0,0,0,0,0,0,0,0,0,0
2001,12,0,0,0,0,0,0,0,0,0,240.2887491,191,794877,215.2259117,171,794514,0,0,0,0,0,0,0,0,0,0,0,0
2002,01,0,0,0,0,0,0,0,0,0,238.0996311,271,1138179,207.6765521,211,1016003,0,0,0,0,0,0,0,0,0,0,0,0
2002,02,0,0,0,0,0,0,0,0,0,231.6184986,252,1087996,210.2162904,190,903831,0,0,0,0,0,0,0,0,0,0,0,0
2002,03,0,0,0,0,0,0,0,0,0,216.8013413,199,917891,208.1829358,201,965497,0,0,0,0,0,0,0,0,0,0,0,0
2002,04,0,0,0,0,0,0,0,0,0,199.9215308,160,800314,214.1600453,158,737766,0,0,0,0,0,0,0,0,0,0,0,0
2002,05,0,0,0,0,0,0,0,0,0,190.8129647,94,492629,234.1089135,93,397251,0,0,0,0,0,0,0,0,0,0,0,0
2002,06,0,0,0,0,0,0,0,0,0,191.7482957,94,490226,238.378187,68,285261,0,0,0,0,0,0,0,0,0,0,0,0
2002,07,0,0,0,0,0,0,0,0,0,209.1184958,90,430378,222.5105548,77,346051,0,0,0,0,0,0,0,0,0,0,0,0
2002,08,0,0,0,0,0,0,0,0,0,217.0913955,93,428391,234.7155166,86,366401,0,0,0,0,0,0,0,0,0,0,0,0
2002,09,0,0,0,0,0,0,0,0,0,233.4283452,166,711139,246.976256,108,437289,0,0,0,0,0,0,0,0,0,0,0,0
2002,10,0,0,0,0,0,0,0,0,0,244.8160789,206,841448,250.8294209,216,861143,0,0,0,0,0,0,0,0,0,0,0,0
2002,11,0,0,0,0,0,0,0,0,0,249.7871133,242,968825,251.8320509,231,917278,0,0,0,0,0,0,0,0,0,0,0,0
2002,12,233.308485,41,175733,0,0,0,0,0,0,255.5770228,277,1083822,244.9849401,292,1191910,0,0,0,0,0,0,0,0,0,0,0,0
2003,01,245.2912834,14,57075,0,0,0,0,0,0,257.0276565,326,1268346,261.4683151,299,1143542,281.2445069,16,56890,0,0,0,0,0,0,0,0,0
2003,02,0,0,0,0,0,0,0,0,0,261.8018617,252,962560,274.6172165,192,699155,285.607183,16,56021,0,0,0,0,0,0,0,0,0
2003,03,0,0,0,0,0,0,0,0,0,263.2014872,286,1086620,282.9298041,193,682148,301.4344735,17,56397,0,0,0,0,0,0,0,0,0
2003,04,0,0,0,0,0,0,0,0,0,253.9015141,200,787707,273.1019728,217,794575,0,0,0,0,0,0,0,0,0,0,0,0
2003,05,0,0,0,0,0,0,0,0,0,263.7201017,208,788715,252.6545896,184,728267,0,0,0,0,0,0,0,0,0,0,0,0
2003,06,0,0,0,0,0,0,0,0,0,277.4166248,217,782217,259.6678343,149,573810,0,0,0,0,0,0,0,0,0,0,0,0
2003,07,0,0,0,0,0,0,0,0,0,286.3701379,190,663477,254.2543253,86,338244,0,0,0,0,0,0,0,0,0,0,0,0
2003,08,0,0,0,0,0,0,0,0,0,265.5885738,162,609966,263.3665945,89,337932,0,0,0,0,0,0,0,0,0,0,0,0
2003,09,0,0,0,0,0,0,0,0,0,261.4939939,206,787781,264.3892899,136,514393,0,0,0,0,0,0,0,0,0,0,0,0
2003,10,0,0,0,0,0,0,0,0,0,253.5773424,200,788714,255.7510149,189,739000,0,0,0,0,0,0,0,0,0,0,0,0
2003,11,226.558724,15,66208,0,0,0,0,0,0,257.4547742,203,788488,262.3021748,194,739605,0,0,0,0,0,0,0,0,0,0,0,0
2003,12,0,0,0,0,0,0,0,0,0,257.8033509,282,1093857,259.7554501,342,1316623,0,0,0,0,0,0,0,0,0,0,0,0
2004,01,0,0,0,0,0,0,0,0,0,263.2342884,321,1219446,263.3050628,347,1317863,0,0,0,0,0,0,0,0,0,0,0,0
2004,02,0,0,0,0,0,0,0,0,0,268.2461461,310,1155655,263.2512315,334,1268750,0,0,0,0,0,0,0,0,0,0,0,0
2004,03,0,0,0,0,0,0,0,0,0,270.2749378,313,1158080,266.7265888,292,1094754,0,0,0,0,0,0,0,0,0,0,0,0
2004,04,0,0,0,0,0,0,0,0,0,277.9516495,254,913828,282.3445754,324,1147534,0,0,0,0,0,0,0,0,0,0,0,0
2004,05,0,0,0,0,0,0,0,0,0,282.6573414,156,551905,293.4005603,184,627129,0,0,0,0,0,0,0,0,0,0,0,0
2004,06,0,0,0,0,0,0,0,0,0,286.3989501,158,551678,315.3197793,245,776989,0,0,0,0,0,0,0,0,0,0,0,0
2004,07,0,0,0,0,0,0,0,0,0,294.3222561,198,672732,328.0083686,148,451208,0,0,0,0,0,0,0,0,0,0,0,0
2004,08,0,0,0,0,0,0,0,0,0,305.9780723,149,486963,331.0315096,172,519588,0,0,0,0,0,0,0,0,0,0,0,0
2004,09,0,0,0,0,0,0,0,0,0,321.5874102,235,730750,348.3152809,238,683289,331.8516448,38,114509,304.8442523,11,36084,0,0,0,0,0,0
2004,10,0,0,0,0,0,0,0,0,0,330.6980374,300,907172,341.0042372,336,985325,340.9723095,38,111446,0,0,0,0,0,0,0,0,0
2004,11,292.5616208,48,164068,0,0,0,0,0,0,337.15228,266,788961,369.974616,295,797352,337.1981428,39,115659,0,0,0,0,0,0,0,0,0
2004,12,239.4240613,29,121124,0,0,0,0,0,0,350.5289169,404,1152544,315.5981177,346,1096331,0,0,0,367.9941121,23,62501,0,0,0,367.9941121,23,62501
2005,01,236.0909846,29,122834,0,0,0,0,0,0,362.5237453,375,1034415,306.8213696,315,1026656,0,0,0,0,0,0,0,0,0,0,0,0
2005,02,0,0,0,0,0,0,0,0,0,362.4786172,374,1031785,317.1413522,345,1087843,0,0,0,0,0,0,0,0,0,0,0,0
2005,03,243.3919097,15,61629,0,0,0,0,0,0,363.5998897,377,1036854,306.007614,456,1490159,0,0,0,0,0,0,0,0,0,0,0,0
2005,04,0,0,0,0,0,0,0,0,0,355.2162474,327,920566,347.2493351,378,1088555,0,0,0,0,0,0,0,0,0,0,0,0
2005,05,305.3042598,19,62233,0,0,0,0,0,0,333.6856484,203,608357,422.7357548,239,565365,0,0,0,0,0,0,0,0,0,0,0,0
2005,06,244.2519377,15,61412,0,0,0,0,0,0,367.3560896,136,370213,413.7698141,223,538947,0,0,0,0,0,0,0,0,0,0,0,0
2005,07,0,0,0,0,0,0,0,0,0,391.0285027,240,613766,422.9710257,263,621792,0,0,0,0,0,0,0,0,0,0,0,0
2005,08,0,0,0,0,0,0,0,0,0,429.670031,343,798287,472.4011284,213,450888,196.8680089,11,55875,0,0,0,0,0,0,0,0,0
2005,09,0,0,0,0,0,0,0,0,0,438.2082637,401,915090,430.280004,294,683276,179.6719191,10,55657,0,0,0,0,0,0,0,0,0
2005,10,227.3566942,8,35187,0,0,0,0,0,0,457.6460839,391,854372,444.5741835,431,969467,180.7207142,10,55334,0,0,0,0,0,0,0,0,0
2005,11,345.1687875,75,217285,0,0,0,0,0,0,472.8359586,492,1040530,415.7540833,444,1067939,181.0577393,10,55231,0,0,0,0,0,0,0,0,0
2005,12,527.4036822,99,187712,0,0,0,0,0,0,462.0388995,597,1292099,400.1214624,477,1192138,188.4974658,9,47746,0,0,0,0,0,0,0,0,0
2006,01,351.8677632,43,122205,0,0,0,0,0,0,521.4588846,643,1233079,382.8969782,528,1378961,170.9823888,9,52637,0,0,0,0,0,0,0,0,0
2006,02,238.4208443,53,222296,0,0,0,0,0,0,510.4519609,726,1422269,407.4409996,376,922833,539.083558,154,285670,0,0,0,0,0,0,0,0,0
2006,03,376.4646829,48,127502,0,0,0,0,0,0,482.3016814,560,1161099,372.812668,586,1571835,456.1377901,50,109616,0,0,0,0,0,0,0,0,0
2006,04,373.9350979,23,61508,0,0,0,0,0,0,508.0188552,434,854299,422.9512289,366,865348,361.8280667,39,107786,0,0,0,0,0,0,0,0,0
2006,05,0,0,0,0,0,0,0,0,0,504.6191714,556,1101821,478.060616,465,972680,399.4079365,68,170252,0,0,0,0,0,0,0,0,0
2006,06,0,0,0,0,0,0,483.9708843,25,51656,512.6759714,442,862143,494.0637678,397,803540,184.863386,20,108188,0,0,0,0,0,0,0,0,0
2006,07,0,0,0,0,0,0,0,0,0,530.7198906,326,614260,522.7840884,298,570025,337.828584,37,109523,0,0,0,0,0,0,0,0,0
2006,08,0,0,0,0,0,0,0,0,0,520.065875,318,611461,503.0331797,319,634153,0,0,0,0,0,0,0,0,0,0,0,0
2006,09,0,0,0,0,0,0,0,0,0,547.9995015,365,666059,474.8320558,386,812919,185.8045336,9,48438,0,0,0,0,0,0,0,0,0
2006,10,0,0,0,0,0,0,0,0,0,592.400038,536,904794,420.7947513,191,453903,184.8702211,10,54092,0,0,0,0,0,0,0,0,0
2006,11,240.504525,27,112264,0,0,0,0,0,0,619.8998478,525,846911,390.4161105,449,1150055,202.9344319,10,49277,0,0,0,0,0,0,0,0,0
2006,12,234.5935216,13,55415,0,0,0,388.082344,22,56689,577.8014263,809,1400135,416.0893963,549,1319428,526.1360385,114,216674,0,0,0,0,0,0,388.082344,22,56689
2007,01,234.2004756,13,55508,0,0,0,181.386153,10,55131,602.7282918,621,1030315,421.0204305,534,1268347,578.0466153,140,242195,0,0,0,0,0,0,0,0,0
2007,02,278.7145684,10,35879,0,0,0,0,0,0,522.0255249,634,1214500,379.1020987,372,981266,505.2314959,86,170219,0,0,0,0,0,0,0,0,0
2007,03,243.8370193,10,41011,0,0,0,0,0,0,526.556947,778,1477523,379.4047882,393,1035833,412.4857648,92,223038,0,0,0,0,0,0,0,0,0
2007,04,0,0,0,0,0,0,0,0,0,521.0962118,573,1099605,395.2737479,427,1080264,188.0547615,10,53176,0,0,0,0,0,0,0,0,0
2007,05,0,0,0,0,0,0,0,0,0,523.8959247,518,988746,394.5578863,340,861724,220.5727219,23,104274,0,0,0,0,0,0,0,0,0
2007,06,0,0,0,0,0,0,0,0,0,517.5912375,377,728374,439.9340696,221,502348,184.4451276,9,48795,0,0,0,0,0,0,0,0,0
2007,07,0,0,0,0,0,0,0,0,0,488.2807166,447,915457,468.0694303,216,461470,181.8049596,10,55004,0,0,0,0,0,0,0,0,0
2007,08,0,0,0,0,0,0,0,0,0,511.5895497,500,977346,523.5574218,295,563453,0,0,0,0,0,0,0,0,0,0,0,0
2007,09,178.8298028,11,61511,0,0,0,0,0,0,561.5779954,580,1032804,465.5540345,370,794752,181.1411895,9,49685,0,0,0,0,0,0,0,0,0
2007,10,229.3780326,13,56675,0,0,0,0,0,0,572.3604516,524,915507,452.9275045,418,922885,581.1469105,34,58505,0,0,0,0,0,0,0,0,0
2007,11,236.1789873,13,55043,0,0,0,0,0,0,611.5325715,708,1157747,491.7021885,547,1112462,180.9346567,21,116064,0,0,0,0,0,0,0,0,0
2007,12,456.6249386,53,116069,0,0,0,656.5690869,145,220845,616.7400225,828,1342543,555.8100606,512,921178,574.452003,209,363825,0,0,0,0,0,0,0,0,0
2008,01,234.3588033,26,110941,0,0,0,734.7493958,121,164682,608.8112381,840,1379738,510.9764815,564,1103769,760.8722075,313,411370,0,0,0,0,0,0,0,0,0
2008,02,234.6443333,13,55403,0,0,0,731.1642128,44,60178,650.1439157,934,1436605,547.8475278,713,1301457,669.3992224,203,303257,0,0,0,0,0,0,0,0,0
2008,03,232.4146993,26,111869,0,0,0,832.5718347,41,49245,678.5926381,865,1274697,513.1489976,576,1122481,738.6270139,395,534776,0,0,0,0,0,0,0,0,0
2008,04,0,0,0,0,0,0,736.497545,36,48880,758.0396161,957,1262467,671.6622262,390,580649,647.8950341,187,288627,0,0,0,0,0,0,0,0,0
2008,05,0,0,0,0,0,0,170.8087796,8,46836,790.510391,726,918394,659.815136,684,1036654,507.903764,65,127977,0,0,0,0,0,0,0,0,0
2008,06,0,0,0,0,0,0,0,0,0,808.5640284,551,681455,613.2245711,384,626198,658.1808352,112,170166,0,0,0,0,0,0,0,0,0
2008,07,0,0,0,0,0,0,0,0,0,797.4321537,834,1045857,777.5029361,474,609644,567.5368899,62,109244,0,0,0,0,0,0,0,0,0
2008,08,0,0,0,0,0,0,0,0,0,837.7306062,773,922731,643.9713433,368,571454,903.1636533,105,116258,0,0,0,0,0,0,0,0,0
2008,09,0,0,0,0,0,0,177.5778383,9,50682,961.6379182,939,976459,734.8049723,507,689979,509.1691509,62,121767,0,0,0,0,0,0,0,0,0
2008,10,0,0,0,0,0,0,794.1234862,44,55407,1040.036223,905,870162,673.8944317,477,707826,736.1893706,130,176585,0,0,0,0,0,0,0,0,0
2008,11,0,0,0,0,0,0,599.9845165,62,103336,1094.339592,1368,1250069,662.4965178,654,987175,679.1213405,165,242961,0,0,0,0,0,0,0,0,0
2008,12,695.783385,83,119290,0,0,0,1184.342986,60,50661,1102.895416,1400,1269386,485.1079008,340,700875,695.1754822,210,302082,0,0,0,0,0,0,0,0,0
2009,01,306.5593365,89,290319,0,0,0,724.2664594,164,226436,981.2805561,1633,1664152,550.074356,688,1250740,906.2938234,433,477770,0,0,0,0,0,0,0,0,0
2009,02,604.4752009,174,287853,0,0,0,569.9693473,127,222819,833.1416818,960,1152265,515.4358995,550,1067058,718.8326158,90,125203,0,0,0,0,0,0,0,0,0
2009,03,427.2872192,52,121698,0,0,0,461.0025953,27,58568,720.9494591,920,1276095,486.7575346,494,1014879,653.4083543,126,192835,0,0,0,0,0,0,0,0,0
2009,04,596.4762021,39,65384,0,0,0,0,0,0,528.8575143,517,977579,348.5180273,226,648460,0,0,0,0,0,0,235.6674889,15,63649,0,0,0
2009,05,249.0837277,14,56206,0,0,0,0,0,0,451.584913,331,732974,301.0539355,122,405243,0,0,0,0,0,0,521.9867131,33,63220,0,0,0
2009,06,217.6689111,15,68912,0,0,0,0,0,0,420.3546697,230,547157,360.7615889,255,706838,465.5280309,61,131034,0,0,0,0,0,0,0,0,0
2009,07,0,0,0,0,0,0,0,0,0,423.3755978,193,455860,332.2958837,213,640995,479.616307,29,60465,0,0,0,0,0,0,0,0,0
2009,08,0,0,0,0,0,0,0,0,0,442.6245841,271,612257,385.1254065,176,456994,456.9687738,27,59085,0,0,0,0,0,0,0,0,0
2009,09,204.1173383,14,68588,0,0,0,0,0,0,477.849126,363,759654,430.5789329,99,229923,439.4139128,29,65997,0,0,0,233.9838083,15,64107,0,0,0
2009,10,274.3557066,31,112992,0,0,0,0,0,0,541.5037237,523,965829,432.6625485,548,1266576,0,0,0,0,0,0,260.7355904,33,126565,0,0,0
2009,11,276.252633,32,115836,0,0,0,0,0,0,545.7141484,670,1227749,440.7962383,484,1098013,529.5488244,35,66094,0,0,0,243.297545,31,127416,0,0,0
2009,12,341.8776237,43,125776,0,0,0,328.407225,55,167475,573.8049093,768,1338434,501.1624977,352,702367,525.7444063,231,439377,0,0,0,386.3933589,221,571956,0,0,0
2010,01,282.6243691,49,173375,389.065566,23,59116,502.5792748,53,105456,590.5727032,659,1115866,462.4524887,726,1569891,633.7436824,160,252468,0,0,0,325.8902103,83,254687,0,0,0
2010,02,289.3493894,34,117505,0,0,0,405.790949,65,160181,537.5144448,754,1402753,426.0600363,402,943529,544.7299105,237,435078,0,0,0,303.3844514,115,379057,0,0,0
2010,03,300.3215207,17,56606,0,0,0,0,0,0,571.9974179,778,1360146,483.0151578,676,1399542,579.2579574,176,303837,0,0,0,329.9904774,105,318191,0,0,0
2010,04,495.3034618,28,56531,0,0,0,0,0,0,651.1513421,746,1145663,552.3044559,361,653625,578.012107,74,128025,0,0,0,243.6829135,62,254429,0,0,0
2010,05,0,0,0,0,0,0,0,0,0,656.4536635,680,1035869,566.0168411,414,731427,0,0,0,0,0,0,203.4747222,39,191670,0,0,0
2010,06,0,0,0,0,0,0,0,0,0,593.6630896,536,902869,500.3788426,457,913308,579.1645551,40,69065,0,0,0,243.1620479,31,127487,0,0,0
2010,07,547.4868831,36,65755,412.1940747,24,58225,0,0,0,626.2504226,565,902195,497.0668675,454,913358,598.8023952,41,68470,0,0,0,202.4859039,13,64202,0,0,0
2010,08,0,0,0,0,0,0,0,0,0,646.980885,668,1032488,501.4054138,373,743909,523.7748224,69,131736,419.9785344,27,64289,203.379224,13,63920,0,0,0
2010,09,480.0616997,61,127067,0,0,0,0,0,0,647.9699892,622,959921,540.3524572,396,732855,490.4908747,115,234459,0,0,0,225.8998018,58,256751,0,0,0
2010,10,546.7377978,99,181074,0,0,0,416.0712024,23,55279,605.6353012,649,1071602,477.6978853,442,925271,518.0472757,132,254803,0,0,0,285.75343,73,255465,0,0,0
2010,11,497.0922774,93,187088,0,0,0,437.3912465,46,105169,577.2415875,849,1470788,492.7408368,506,1026909,500.5444233,154,307665,0,0,0,365.0198969,163,446551,0,0,0
2010,12,504.3326762,33,65433,486.7956675,56,115038,474.7037666,52,109542,579.93855,839,1446705,482.9497732,207,428616,520.8464346,352,675823,494.1384951,58,117376,199.7521824,64,320397,0,0,0
2011,01,506.3077507,96,189608,0,0,0,490.0855689,150,306069,601.93143,1032,1714481,504.2787842,831,1647898,599.8927251,340,566768,0,0,0,316.39102,161,508864,0,0,0
2011,02,512.3765438,29,56599,486.0389502,29,59666,541.9624328,164,302604,583.6571203,729,1249021,456.7239252,308,674368,578.306445,262,453047,536.5085409,31,57781,337.9852151,86,254449,0,0,0
2011,03,510.5370639,97,189996,0,0,0,530.4637769,168,316704,611.9495451,970,1585098,602.7101908,511,847837,570.1236514,183,320983,0,0,0,400.2621325,204,509666,0,0,0
2011,04,581.9284757,33,56708,0,0,0,566.3057667,59,104184,695.477433,850,1222182,642.0009322,511,795949,0,0,0,0,0,0,225.2051724,43,190937,0,0,0
2011,05,664.3194048,80,120424,638.8215621,34,53223,566.7873924,100,176433,713.1099578,652,914305,579.0276609,542,936052,0,0,0,0,0,0,527.343546,101,191526,0,0,0
2011,06,0,0,0,0,0,0,558.5202499,119,213063,702.0463351,729,1038393,737.8966701,546,739941,654.0805708,44,67270,0,0,0,663.0969945,40,60323,0,0,0
2011,07,0,0,0,0,0,0,656.9462946,36,54799,766.3826137,889,1159995,624.5288361,536,858247,732.2706022,39,53259,0,0,0,516.7473106,66,127722,0,0,0
2011,08,0,0,0,0,0,0,656.1549321,66,100586,828.1348022,730,881499,650.8029824,600,921938,606.4835585,73,120366,0,0,0,0,0,0,0,0,0
2011,09,717.8051115,81,112844,0,0,0,613.7047638,125,203681,829.0965134,1233,1487161,688.1665194,1061,1541778,701.5032212,49,69850,779.4508415,44,56450,204.3821632,39,190819,0,0,0
2011,10,0,0,0,0,0,0,622.7536387,35,56202,909.6313235,1039,1142221,619.4739654,777,1254290,694.0407141,154,221889,593.212946,34,57315,380.916875,94,246773,0,0,0
2011,11,0,0,0,0,0,0,645.1045363,66,102309,884.6924404,669,756195,665.3217394,590,886789,612.8636862,152,248016,451.5535178,26,57579,462.6379937,116,250736,0,0,0
2011,12,704.2484195,43,61058,0,0,0,644.7885802,173,268305,881.7161564,1686,1912180,690.9413854,1167,1689000,736.4674113,300,407350,932.5187593,107,114743,323.5991769,103,318295,0,0,0
2012,01,707.8437414,85,120083,911.2575354,52,57064,625.0672115,93,148784,758.7003134,966,1273230,624.9727799,574,918440,813.4613399,197,242175,0,0,0,203.8767957,26,127528,0,0,0
2012,02,0,0,0,0,0,0,591.1322486,154,260517,838.2798703,1630,1944458,702.237996,1019,1451075,747.04076,452,605054,0,0,0,523.8549469,201,383694,0,0,0
2012,03,0,0,0,0,0,0,619.4797338,128,206625,814.3214701,1046,1284505,682.2815602,1026,1503778,698.8451288,177,253275,934.7220633,49,52422,198.7832373,38,191163,0,0,0
2012,04,0,0,0,0,0,0,0,0,0,921.1657011,1296,1406913,680.9772325,678,995628,768.5697664,144,187361,0,0,0,235.786032,30,127234,0,0,0
2012,05,0,0,0,0,0,0,0,0,0,938.525249,1045,1113449,837.8175155,556,663629,681.4874846,74,108586,0,0,0,458.9433065,147,320301,0,0,0
2012,06,891.0566055,57,63969,0,0,0,0,0,0,919.3464638,1034,1124712,818.6834638,843,1029702,795.9117103,183,229925,0,0,0,0,0,0,0,0,0
2012,07,789.3481848,144,182429,0,0,0,0,0,0,858.6317694,1431,1666605,750.8791664,518,689858,771.5323385,164,212564,0,0,0,0,0,0,0,0,0
2012,08,0,0,0,0,0,0,662.677216,33,49798,918.9117787,1120,1218833,657.4767123,536,815238,710.9435709,86,120966,0,0,0,922.2352481,118,127950,0,0,0
2012,09,732.785271,128,174676,0,0,0,658.1167735,39,59260,928.4974774,1243,1338722,657.8318479,640,972893,0,0,0,0,0,0,370.3494972,92,248414,0,0,0
2012,10,650.5863409,40,61483,0,0,0,610.4896486,34,55693,833.9588024,950,1139145,586.1110586,620,1057820,704.4426461,121,171767,0,0,0,225.2818643,43,190872,0,0,0
2012,11,647.8218964,41,63289,0,0,0,0,0,0,863.3129207,1114,1290378,548.0815173,694,1266235,716.8458781,84,117180,664.9157219,40,60158,198.9935118,38,190961,0,0,0
2012,12,698.9004368,116,165975,0,0,0,739.6017828,38,51379,821.5423831,1801,2192218,741.8191458,694,935538,744.901177,437,586655,841.6351769,49,58220,450.3534295,115,255355,0,0,0
2013,01,732.0382802,41,56008,0,0,0,822.2483497,107,130131,853.9471852,1748,2046965,642.6133593,659,1025500,842.3324292,395,468936,854.391903,52,60862,196.3618084,25,127316,0,0,0
2013,02,783.4654722,92,117427,0,0,0,0,0,0,840.5288017,1965,2337814,699.1418271,517,739478,812.1259156,473,582422,936.7227624,58,61918,360.4436591,92,255241,0,0,0
2013,03,0,0,0,0,0,0,846.2204825,211,249344,846.1412959,2173,2568129,711.5460131,694,975341,785.2634972,190,241957,0,0,0,196.4420417,25,127264,0,0,0
2013,04,0,0,0,0,0,0,847.278119,60,70815,829.619963,1541,1857477,650.4911208,650,999245,828.586508,303,365683,0,0,0,225.0861085,43,191038,0,0,0
2013,05,701.9473189,120,170953,0,0,0,0,0,0,844.5277765,1281,1516824,715.5572109,732,1022979,718.8720244,44,61207,0,0,0,204.5391968,26,127115,0,0,0
2013,06,0,0,0,0,0,0,732.8203591,88,120084,859.1467996,1283,1493342,709.3157725,514,724642,786.9352187,190,241443,0,0,0,406.5591544,78,191854,0,0,0
2013,07,696.6758609,49,70334,0,0,0,769.1710046,198,257420,841.3026193,1166,1385946,623.0604869,361,579398,839.3265639,51,60763,0,0,0,798.7971055,51,63846,986.6480776,92,93245
2013,08,0,0,0,0,0,0,759.3882434,93,122467,812.2120942,1163,1431892,745.9536751,866,1160930,757.8457226,319,420930,0,0,0,459.0716736,55,119807,0,0,0
2013,09,0,0,0,0,0,0,580.8887598,28,48202,763.2905475,1187,1555109,819.8479051,562,685493,784.046361,138,176010,0,0,0,0,0,0,0,0,0
2013,10,0,0,0,0,0,0,802.9126348,58,72237,801.6289012,1463,1825034,740.8620615,579,781522,802.7083851,239,297742,0,0,0,225.511071,43,190678,0,0,0
2013,11,689.4390473,88,127640,0,0,0,0,0,0,807.4421299,1182,1463882,779.3229315,860,1103522,799.3838895,246,307737,0,0,0,360.9711694,92,254868,0,0,0
2013,12,783.5983866,61,77846,0,0,0,718.0650038,38,52920,803.5416054,1441,1793311,767.0993055,985,1284058,797.611524,366,458870,827.3775284,105,126907,203.4853386,39,191660,0,0,0
2014,01,0,0,0,0,0,0,0,0,0,834.8707594,1854,2220703,810.5669612,893,1101698,873.786691,599,685522,854.1446352,147,172102,396.2291538,101,254903,0,0,0
2014,02,710.5174343,40,56297,0,0,0,0,0,0,909.2790016,2338,2571268,786.687527,622,790657,894.0606113,329,367984,866.8587516,105,121127,587.0358992,150,255521,0,0,0
2014,03,0,0,0,0,0,0,0,0,0,919.2293362,2519,2740339,783.2719899,608,776231,825.0954017,264,319963,840.4526314,97,115414,204.1970344,26,127328,0,0,0
2014,04,704.9313867,45,63836,0,0,0,0,0,0,916.1487471,1550,1691865,808.8003518,857,1059594,868.2162887,211,243027,0,0,0,526.9449775,67,127148,0,0,0
2014,05,0,0,0,0,0,0,0,0,0,897.5673331,865,963716,832.2903824,536,644006,815.2695185,102,125112,821.1843668,150,182663,783.1223363,199,254111,0,0,0
2014,06,812.8209924,113,139022,0,0,0,0,0,0,911.4544699,983,1078496,825.378946,510,617898,833.0741864,292,350509,0,0,0,0,0,0,0,0,0
2014,07,692.3210062,84,121331,0,0,0,0,0,0,929.6131399,1068,1148865,763.9478355,495,647950,829.9590051,99,119283,748.4212988,48,64135,756.7277829,48,63431,0,0,0
2014,08,0,0,0,0,0,0,0,0,0,910.3780961,1275,1400517,759.0529966,515,678477,792.4007787,243,306663,837.7394768,61,72815,746.81437,48,64273,0,0,0
2014,09,802.0957511,109,135894,0,0,0,706.9136152,45,63657,932.5051171,918,984445,801.3999967,490,611430,819.2382345,195,238026,807.1816536,107,132560,800.3740362,101,126191,0,0,0
2014,10,698.4846291,82,117397,0,0,0,0,0,0,907.9913667,1045,1150892,809.8126125,881,1087906,775.597314,149,192110,829.8890227,51,61454,788.3665202,101,128113,0,0,0
2014,11,735.0900485,98,133317,0,0,0,806.6174261,51,63227,894.2026901,1573,1759109,685.5269558,358,522226,718.5863447,132,183694,800.9996476,50,62422,790.0381939,151,191130,0,0,0
2014,12,669.0033305,46,68759,0,0,0,0,0,0,884.49719,1794,2028271,802.451904,825,1028099,770.4059434,471,611366,824.576399,164,198890,797.6891941,256,320927,0,0,0
2015,01,559.0689398,186,332696,0,0,0,696.4426443,38,54563,824.4958925,1656,2008500,688.5101038,695,1009426,637.6714234,243,381074,747.4970176,99,132442,695.1703951,133,191320,0,0,0
2015,02,590.9751089,118,199670,0,0,0,0,0,0,780.2759638,1211,1552015,621.6766415,488,784974,610.3287977,180,294923,0,0,0,640.5643293,162,252902,0,0,0
2015,03,563.5891732,38,67425,0,0,0,0,0,0,748.1953013,1305,1744197,592.1554316,417,704207,616.4091748,204,330949,0,0,0,538.258134,103,191358,0,0,0
2015,04,516.7884469,36,69661,0,0,0,0,0,0,672.3743781,1020,1517012,517.2316428,403,779148,538.718995,141,261732,0,0,0,559.7815283,107,191146,0,0,0
2015,05,342.2868364,19,55509,0,0,0,0,0,0,543.1747804,642,1181940,450.3441137,248,550690,519.0359184,94,181105,487.4110856,32,65653,405.1660238,129,318388,0,0,0
2015,06,374.3916136,24,64104,0,0,0,0,0,0,493.502522,539,1092193,416.1417713,147,353245,538.1366258,106,196976,0,0,0,342.4604225,22,64241,0,0,0
2015,07,0,0,0,0,0,0,0,0,0,471.6137684,633,1342200,427.7964488,257,600753,511.055486,98,191760,0,0,0,425.5252084,54,126902,0,0,0
2015,08,563.5469646,40,70979,0,0,0,0,0,0,506.4150623,537,1060395,431.1037216,314,728363,475.8829328,28,58838,469.7910142,33,70244,508.1459708,65,127916,0,0,0
2015,09,474.5442717,186,391955,0,0,0,0,0,0,520.3473767,696,1337568,476.2174052,320,671962,0,0,0,0,0,0,485.1330203,93,191700,0,0,0
2015,10,461.8278621,123,266333,0,0,0,0,0,0,546.1733994,766,1402485,467.7763179,429,917105,490.6822032,95,193608,0,0,0,453.6306091,87,191786,0,0,0
2015,11,0,0,0,0,0,0,0,0,0,535.2210072,726,1356449,459.8733357,381,828489,472.9745447,61,128971,0,0,0,436.0028719,167,383025,0,0,0
2015,12,452.9437505,295,651295,0,0,0,0,0,0,502.6914172,685,1362665,426.2499443,411,964223,467.5420989,58,124053,0,0,0,356.9173937,160,448283,0,0,0
2016,01,421.9409283,186,440820,0,0,0,427.1006609,19,44486,446.5606685,658,1473484,378.5375419,366,966879,431.3090824,109,252719,0,0,0,339.2024047,65,191626,0,0,0
2016,02,391.7305843,231,589691,0,0,0,0,0,0,430.6596024,615,1428042,370.178023,340,918477,0,0,0,0,0,0,342.1887638,22,64292,0,0,0
2016,03,370.7317517,163,439671,0,0,0,284.5721255,21,73795,405.757305,529,1303735,370.6282103,411,1108928,340.7700582,83,243566,0,0,0,317.0862514,81,255451,363.7300517,24,65983
2016,04,340.7196486,84,246537,0,0,0,0,0,0,376.2130351,336,893111,326.5312394,255,780936,0,0,0,0,0,0,273.9951229,70,255479,0,0,0
2016,05,322.6857888,99,306800,0,0,0,0,0,0,328.219254,367,1118155,299.595172,160,534054,264.5543815,17,64259,0,0,0,246.0745868,47,190999,0,0,0
2016,06,333.3727645,62,185978,0,0,0,0,0,0,302.1331819,447,1479480,281.454171,211,749678,0,0,0,0,0,0,236.8882361,15,63321,0,0,0
2016,07,286.3637177,32,111746,0,0,0,0,0,0,308.5617917,348,1127813,292.2347741,160,547505,316.4461589,21,66362,0,0,0,399.8831111,26,65019,0,0,0
2016,08,355.7107748,110,309240,0,0,0,0,0,0,337.6005161,359,1063387,307.1073689,163,530759,0,0,0,0,0,0,297.2884167,19,63911,0,0,0
2016,09,392.4614693,96,244610,0,0,0,0,0,0,347.2930355,470,1353324,350.162348,176,502624,368.7966007,23,62365,0,0,0,310.8824398,20,64333,0,0,0
2016,10,390.7378149,230,588630,0,0,0,0,0,0,379.3539797,563,1484102,372.0702006,367,986373,0,0,0,0,0,0,381.5616849,73,191319,0,0,0
2016,11,403.1598149,303,751563,0,0,0,0,0,0,402.9323935,608,1508938,365.3366778,328,897802,366.3898388,24,65504,0,0,0,324.806295,62,190883,0,0,0
2016,12,373.2969329,233,624168,391.3058945,11,28111,0,0,0,398.8568035,689,1727437,365.0786497,405,1109350,376.86075,52,137982,378.8376642,49,129343,322.3017058,82,254420,0,0,0
2017,01,425.6296617,378,888096,484.496124,50,103200,486.6306008,94,193165,413.8626159,813,1964420,362.3162256,251,692765,453.6877597,88,193966,0,0,0,379.9049846,97,255327,0,0,0
2017,02,451.1734703,269,596223,0,0,0,0,0,0,429.0914688,736,1715252,403.5140446,337,835163,366.9949232,90,245235,0,0,0,344.4478657,66,191611,0,0,0
2017,03,402.1952074,310,770770,454.3123031,31,68235,398.7770836,75,188075,434.5588572,597,1373807,384.4665336,302,785504,376.6535089,75,199122,0,0,0,336.5000861,43,127786,0,0,0
2017,04,413.1534917,201,486502,310.7568483,20,64359,0,0,0,445.6722731,483,1083756,356.2909648,154,432231,307.4368986,20,65054,0,0,0,365.2548696,70,191647,307.4368986,20,65054
2017,05,442.9247205,225,507987,385.4059609,24,62272,0,0,0,477.9918878,455,951899,388.772502,247,635333,369.4481558,73,197592,0,0,0,390.4175907,50,128068,0,0,0
2017,06,364.9991032,232,635618,377.3565919,75,198751,0,0,0,455.4678188,692,1519317,376.72985,391,1037879,282.8587592,18,63636,0,0,0,0,0,0,0,0,0
2017,07,397.9672253,152,381941,430.1229435,60,139495,0,0,0,456.108894,523,1146656,353.7392546,322,910275,303.4998323,19,62603,0,0,0,434.000868,28,64516,0,0,0
2017,08,371.1912549,138,371776,419.7381883,112,266833,0,0,0,486.6075067,609,1251522,349.6614083,199,569122,0,0,0,386.01522,28,72536,294.0539202,19,64614,0,0,0
2017,09,402.0339606,267,664123,426.5318933,53,124258,0,0,0,458.3477883,399,870518,393.0631137,174,442677,0,0,0,0,0,0,388.623918,99,254745,0,0,0
2017,10,424.7186239,172,404974,410.1894088,108,263293,324.069073,21,64801,448.2616251,494,1102035,408.1435214,270,661532,0,0,0,0,0,0,376.305309,96,255112,0,0,0
2017,11,401.8757262,175,435458,412.7528848,140,339186,0,0,0,431.4091268,543,1258666,369.2890397,351,950475,351.1437253,49,139544,0,0,0,366.0095678,71,193984,0,0,0
2017,12,450.3614829,415,921482,404.2565479,133,328999,509.2067872,31,60879,437.5193879,677,1547360,407.6857002,346,848693,442.8027081,114,257451,0,0,0,368.5956506,72,195336,0,0,0
2018,01,478.636338,212,442925,455.3074754,239,524920,599.880024,36,60012,465.6621785,953,2046548,414.0020426,302,729465,393.6491274,51,129557,0,0,0,404.153454,78,192996,0,0,0
2018,02,570.8794398,540,945909,523.1311141,210,401429,534.0413195,35,65538,500.8858991,951,1898636,453.459601,276,608654,511.3385449,66,129073,588.4463002,146,248111,508.9787024,128,251484,0,0,0
2018,03,483.5455946,349,721752,490.3452707,261,532278,505.7130921,69,136441,501.6852606,799,1592632,441.4248184,350,792887,538.0853657,34,63187,543.1864441,174,320332,456.1469737,58,127152,0,0,0
2018,04,494.8654906,221,446586,410.1287322,85,207252,502.4907949,116,230850,516.8634203,688,1331106,434.8738866,290,666860,496.6065221,33,66451,0,0,0,468.8014568,121,258105,0,0,0
2018,05,504.4681464,217,430156,426.0531501,144,337986,541.9918199,108,199265,569.1489076,636,1117458,420.7974615,209,496676,0,0,0,0,0,0,520.4050833,100,192158,0,0,0
2018,06,511.6133353,356,695838,413.7360364,111,268287,460.6033148,61,132435,572.1006259,861,1504980,450.3863841,361,801534,451.7936207,35,77469,0,0,0,467.8793178,122,260751,0,0,0
2018,07,517.1563881,235,454408,442.9795253,177,399567,533.7949939,37,69315,566.3197926,741,1308448,457.0960217,232,507552,0,0,0,0,0,0,0,0,0,0,0,0
2018,08,537.9648045,274,509327,466.6636559,155,332145,546.0415941,69,126364,590.6733909,764,1293439,426.482607,239,560398,546.2540628,40,73226,0,0,0,0,0,0,0,0,0
2018,09,581.7973724,488,838780,498.1818929,97,194708,590.445518,33,55890,595.7534911,869,1458657,473.92171,301,635126,566.6806497,77,135879,0,0,0,0,0,0,0,0,0
2018,10,568.175984,332,584326,529.6945428,318,600346,604.921115,37,61165,639.6335245,964,1507113,500.2720138,343,685627,586.8011652,84,143149,0,0,0,564.404217,109,193124,0,0,0
2018,11,570.4260975,477,836217,537.0538043,277,515777,0,0,0,643.4811156,933,1449926,527.4469873,374,709076,566.8229959,73,128788,0,0,0,558.9305538,145,259424,0,0,0
2018,12,563.4060178,629,1116424,512.8085592,176,343208,511.0565111,26,50875,626.4521398,1264,2017712,511.5274584,410,801521,463.3999828,54,116530,527.5948072,33,62548,553.6076767,108,195084,0,0,0
2019,01,561.3659217,436,776677,531.2863157,379,713363,620.9380304,45,72471,648.6155007,990,1526328,530.6195774,319,601184,0,0,0,0,0,0,564.0068316,71,125885,0,0,0
2019,02,591.7950088,288,486655,566.7067446,148,261158,644.273289,44,68294,658.4542916,1385,2103411,486.966593,259,531864,644.5285134,46,71370,0,0,0,591.8922369,153,258493,0,0,0
2019,03,558.6233708,148,264937,481.8778604,191,396366,571.366802,74,129514,663.8958298,745,1122164,462.1499214,275,595045,365.03811,25,68486,0,0,0,529.4877984,102,192639,0,0,0
2019,04,485.3316261,235,484205,374.8213061,129,344164,414.8025244,56,135004,570.5033389,766,1342674,383.0867826,299,780502,498.6799648,34,68180,0,0,0,487.9840487,93,190580,0,0,0
2019,05,443.8012542,253,570075,352.7901186,86,243771,467.1743294,70,149837,578.3538614,685,1184396,391.0379886,216,552376,0,0,0,0,0,0,444.7688342,117,263058,0,0,0
2019,06,476.6370764,402,843409,401.6892276,113,281312,0,0,0,567.5153216,672,1184109,364.5976999,267,732314,250.0646719,29,115970,0,0,0,530.7855626,34,64056,0,0,0
2019,07,492.7090346,262,531754,345.6690232,135,390547,481.5832048,64,132895,577.3448139,789,1366601,354.9995774,189,532395,0,0,0,0,0,0,542.8629039,35,64473,0,0,0
2019,08,442.3316369,443,1001511,364.5218638,244,669370,585.6662372,35,59761,620.7873016,780,1256469,378.3916667,157,414914,222.9807379,13,58301,0,0,0,379.9068065,49,128979,0,0,0
2019,09,460.980461,197,427350,362.1181783,85,234730,573.4571273,42,73240,596.8963646,529,886251,449.143912,273,607823,571.4472309,35,61248,0,0,0,540.9622887,104,192250,0,0,0
2019,10,446.140622,341,764333,391.5913982,107,273244,475.9371763,68,142876,653.501096,497,760519,394.3030747,366,928220,0,0,0,0,0,0,465.0246063,151,324714,0,0,0
2019,11,479.3586793,282,588286,391.3080089,316,807548,513.5007916,72,140214,551.0533999,633,1148709,383.5190182,282,735296,326.0443089,59,180957,0,0,0,420.6143072,80,190198,0,0,0
2019,12,414.9433738,552,1330302,406.4427735,248,610172,518.599501,37,71346,539.9415502,841,1557576,413.7199388,319,771053,386.2264048,71,183830,0,0,0,432.9502981,109,251761,0,0,0
2020,01,467.89038,364,777960,398.1211152,258,648044,502.2788578,108,215020,549.4672118,761,1384978,381.9971962,306,801053,457.7866404,59,128881,0,0,0,499.511005,95,190186,0,0,0
2020,02,424.948562,354,833042,374.7737972,315,840507,515.9185267,148,286867,532.125991,775,1456422,378.9649977,372,981621,0,0,0,0,0,0,449.080469,145,322882,0,0,0
2020,03,467.4342262,393,840760,343.950245,73,212240,496.4307548,108,217553,562.6726089,654,1162310,364.9726271,292,800060,237.3305065,15,63203,0,0,0,413.2953949,104,251636,0,0,0
2020,04,448.8782624,245,545805,400.916478,235,586157,551.6265912,39,70700,576.8425,603,1045346,428.1630121,254,593232,351.2861865,44,125254,0,0,0,513.2476799,61,118851,0,0,6888
2020,05,389.6163745,279,716089,367.3164368,145,394755,0,0,0,605.782153,563,929377,419.3324989,198,472179,381.8402065,29,75948,0,0,0,444.2786957,137,308365,567.3715364,37,65213
2020,06,499.0772457,278,557028,326.3312212,132,404497,355.5950661,48,134985,582.7865334,444,761857,332.1585991,200,602122,356.0331434,44,123584,0,0,0,0,0,0,0,0,0
2020,07,328.0254712,160,487767,325.399332,170,522435,349.6796934,25,71494,505.7792494,333,658390,314.0856965,135,429819,0,0,0,470.9743091,31,65821,395.6156478,51,128913,0,0,0
2020,08,298.0870718,98,328763,333.6164018,66,197832,0,0,0,380.7328826,337,885135,233.7447381,111,474877,0,0,0,0,0,0,128.9564557,9,69791,0,0,0
2020,09,274.6429369,252,917555,308.897037,77,249274,211.6996032,43,203118,279.9360426,229,818044,208.336046,128,614392,0,0,0,472.3456389,32,67747,155.2626267,10,64407,0,0,0
2020,10,269.3783217,207,768436,363.1991827,187,514869,379.3786621,81,213507,257.5616748,345,1339485,235.0380477,165,702014,243.2165387,16,65785,0,0,0,250.01087,46,183992,231.9224716,14,60365
2020,11,317.6198476,280,881557,313.4796238,110,350900,386.8016548,23,59462,319.0706343,440,1379005,271.0339267,160,590332,382.3623878,50,130766,0,0,0,294.586448,56,190097,0,0,0
2020,12,379.0019832,232,612134,385.7674235,327,847661,395.1413015,77,194867,359.338132,482,1341355,316.5905114,298,941279,370.1076396,48,129692,0,0,0,336.9041666,64,189965,0,0,0
2021,01,438.122343,246,561487,465.4471078,284,610166,395.7176929,111,280503,443.7357587,733,1651884,320.1406372,228,712187,410.6793046,100,243499,374.5051182,42,112148,332.2849614,86,258814,0,0,0
2021,02,608.7850277,539,885370,646.029781,812,1256908,387.2895266,21,54223,483.9360129,1008,2082920,387.3693385,192,495651,551.8379418,103,186649,0,0,0,346.0797689,69,199376,0,0,0
2021,03,493.930718,570,1154008,456.7563496,188,411598,591.2313605,122,206349,394.4384183,572,1450163,320.8329865,185,576624,652.3371504,139,213080,0,0,0,345.9124677,63,182127,0,0,0
2021,04,383.2253738,216,563637,410.5267707,190,462820,421.2299916,22,52228,398.7969948,410,1028092,330.5383297,155,468932,0,0,0,0,0,0,387.7710078,101,260463,0,0,0
2021,05,428.8848993,172,401040,420.9147881,198,470404,454.9294859,56,123096,420.3092827,544,1294285,360.3951627,306,849068,0,0,0,0,0,0,422.2543692,108,255770,0,0,0
2021,06,450.3505806,260,577328,462.6787832,401,866692,0,0,0,491.9915283,479,973594,398.628366,181,454057,0,0,0,0,0,0,453.3791695,91,200715,520.0048942,34,65384
2021,07,508.5062629,476,936075,485.6895411,475,977991,507.3803817,76,149789,525.397788,713,1357067,413.1141238,202,488969,513.8993721,32,62269,0,0,0,0,0,0,516.5000838,37,71636
2021,08,541.5174147,418,771905,509.338511,399,783369,0,0,0,561.3785318,735,1309277,472.8054535,201,425122,424.7617641,23,54148,0,0,0,606.2353524,82,135261,0,0,0
2021,09,546.7505929,480,877914,663.8982071,549,826934,0,0,0,581.2213705,606,1042632,407.7211681,198,485626,680.4404305,44,64664,0,0,0,588.2382019,238,404598,0,0,0
2021,10,705.9983486,696,985838,653.5627339,440,673233,0,0,0,683.0756251,842,1232660,613.0119257,328,535063,581.9962938,125,214778,0,0,0,689.2068639,176,255366,0,0,0
2021,11,1103.346449,1097,994248,750.6025965,426,567544,0,0,0,620.6395207,829,1335719,466.4513814,169,362310,676.3611769,42,62097,0,0,0,1021.074208,535,523958,0,0,0
2021,12,913.37458,862,943753,783.5505595,459,585795,566.8105025,31,54692,871.415306,1189,1364447,973.7308042,633,650077,0,0,0,1539.859257,100,64941,870.8848085,167,191759,0,0,0
2022,01,1324.75027,1286,970749,1132.147329,981,866495,1037.529132,134,129153,917.5563087,1460,1591183,1384.822999,1176,849206,542.4590443,70,129042,473.8451819,33,69643,1205.748861,386,320133,2221.465077,163,73375
2022,02,1127.133427,1061,941326,551.7042865,184,333512,643.6416422,47,73022,822.470152,984,1196396,818.2750843,398,486389,654.0412482,45,68803,0,0,0,574.7582681,181,314915,516.813097,31,59983
2022,03,1256.863702,2050,1631044,1129.617754,576,509907,950.3533297,179,188351,836.1390266,1051,1256968,846.1170987,774,914767,1315.940324,264,200617,503.1784103,30,59621,570.525302,109,191052,0,0,0
2022,04,795.4609773,520,653709,578.0862271,188,325211,623.3271001,34,54546,742.5777255,1060,1427460,628.186787,411,654264,520.6720892,37,71062,521.7524745,34,65165,566.6316894,108,190600,0,0,0
2022,05,824.1293813,702,851808,951.1524933,351,369026,546.2988255,32,58576,719.4238398,834,1159261,501.1967552,254,506787,665.5110506,129,193836,0,0,0,599.9118497,147,245036,0,0,0
2022,06,955.1387784,725,759052,718.3070637,228,317413,0,0,0,729.7608318,702,961959,546.597431,270,493965,0,0,0,0,0,0,0,0,0,0,0,0
