"시점",전국,전국,전국,수도권,수도권,수도권,수도권,수도권,수도권,수도권,수도권,수도권,수도권,수도권,수도권,비수도권,비수도권,비수도권,비수도권,비수도권,비수도권,비수도권,비수도권,비수도권,비수도권,비수도권,비수도권,비수도권,비수도권,비수도권,비수도권,비수도권,비수도권,비수도권,비수도권,비수도권,비수도권,비수도권,비수도권,비수도권,비수도권,비수도권,비수도권,비수도권,비수도권,비수도권,비수도권,비수도권,비수도권,비수도권,비수도권,비수도권,비수도권,비수도권,비수도권,비수도권,비수도권,비수도권,비수도권,비수도권
"시점",소계,소계,소계,소계,소계,소계,서울특별시,서울특별시,서울특별시,인천광역시,인천광역시,인천광역시,경기도,경기도,경기도,소계,소계,소계,부산광역시,부산광역시,부산광역시,대구광역시,대구광역시,대구광역시,광주광역시,광주광역시,광주광역시,대전광역시,대전광역시,대전광역시,울산광역시,울산광역시,울산광역시,세종특별자치시,세종특별자치시,세종특별자치시,강원도,강원도,강원도,충청북도,충청북도,충청북도,충청남도,충청남도,충청남도,전라북도,전라북도,전라북도,전라남도,전라남도,전라남도,경상북도,경상북도,경상북도,경상남도,경상남도,경상남도,제주특별자치도,제주특별자치도,제주특별자치도
"시점",원데이터,전년동월 대비 증감,증감률,원데이터,전년동월 대비 증감,증감률,원데이터,전년동월 대비 증감,증감률,원데이터,전년동월 대비 증감,증감률,원데이터,전년동월 대비 증감,증감률,원데이터,전년동월 대비 증감,증감률,원데이터,전년동월 대비 증감,증감률,원데이터,전년동월 대비 증감,증감률,원데이터,전년동월 대비 증감,증감률,원데이터,전년동월 대비 증감,증감률,원데이터,전년동월 대비 증감,증감률,원데이터,전년동월 대비 증감,증감률,원데이터,전년동월 대비 증감,증감률,원데이터,전년동월 대비 증감,증감률,원데이터,전년동월 대비 증감,증감률,원데이터,전년동월 대비 증감,증감률,원데이터,전년동월 대비 증감,증감률,원데이터,전년동월 대비 증감,증감률,원데이터,전년동월 대비 증감,증감률,원데이터,전년동월 대비 증감,증감률
"2012.07",100.5,-26.2,-20.7,91.5,-21.5,-19.0,92.4,-23.4,-20.2,83.1,-17.9,-17.7,92.8,-21.2,-18.6,111.3,-32.2,-22.4,103.0,-41.5,-28.7,120.6,-16.5,-12.0,125.3,-21.4,-14.6,97.7,-53.7,-35.5,115.8,-32.5,-21.9,-,-,-,113.0,-46.0,-28.9,120.8,-21.7,-15.2,118.3,-26.4,-18.2,102.0,-48.8,-32.3,105.3,-31.0,-22.7,126.8,-8.1,-6.0,101.7,-36.2,-26.3,-,-,-
"2012.08",103.4,-27.4,-21.0,95.1,-22.3,-19.0,96.2,-22.9,-19.2,86.9,-17.9,-17.1,96.1,-22.9,-19.2,113.6,-34.1,-23.1,103.4,-42.7,-29.3,127.2,-17.1,-11.9,126.8,-27.2,-17.7,100.9,-50.2,-33.2,118.2,-33.5,-22.1,-,-,-,114.6,-44.4,-27.9,123.7,-23.5,-16.0,125.0,-22.4,-15.2,103.8,-49.5,-32.3,106.9,-40.5,-27.5,130.0,-9.9,-7.1,99.8,-44.3,-30.8,-,-,-
"2012.09",105.6,-22.6,-17.6,97.5,-18.5,-16.0,97.5,-17.3,-15.1,93.1,-15.5,-14.3,98.4,-19.9,-16.8,115.8,-27.5,-19.2,108.2,-31.9,-22.8,130.9,-11.2,-7.9,116.2,-28.3,-19.6,109.2,-29.6,-21.3,116.5,-34.2,-22.7,-,-,-,122.7,-34.7,-22.0,123.7,-18.8,-13.2,130.7,-14.6,-10.0,94.0,-47.8,-33.7,113.2,-35.7,-24.0,131.8,-11.5,-8.0,104.0,-35.1,-25.2,-,-,-
"2012.10",107.6,-12.9,-10.7,100.6,-7.4,-6.9,101.8,-7.1,-6.5,95.0,-7.8,-7.6,101.1,-7.5,-6.9,116.4,-19.4,-14.3,108.0,-21.5,-16.6,137.4,1.1,0.8,115.5,-25.9,-18.3,109.6,-21.6,-16.5,120.3,-24.5,-16.9,-,-,-,123.5,-21.2,-14.6,126.8,-12.3,-8.8,134.1,-6.1,-4.3,91.6,-45.1,-33.0,107.2,-30.9,-22.4,130.1,-9.5,-6.8,102.8,-24.5,-19.2,-,-,-
"2012.11",103.3,-9.8,-8.7,95.8,-5.6,-5.5,97.6,-4.2,-4.2,90.9,-4.5,-4.7,95.8,-6.5,-6.4,112.6,-14.9,-11.7,103.2,-17.7,-14.6,131.0,1.7,1.3,118.4,-12.6,-9.6,106.4,-9.2,-8.0,110.7,-21.1,-16.0,-,-,-,115.0,-17.5,-13.2,125.2,-3.8,-3.0,129.9,-8.6,-6.2,90.9,-39.6,-30.3,103.2,-27.7,-21.2,129.3,-10.9,-7.8,99.9,-20.2,-16.8,-,-,-
"2012.12",103.4,-7.0,-6.3,96.9,-4.6,-4.6,99.2,-5.5,-5.2,93.7,-0.4,-0.4,96.2,-5.1,-5.0,111.3,-9.7,-8.0,101.5,-9.4,-8.5,127.3,1.3,1.0,116.8,-3.7,-3.0,106.9,-1.8,-1.6,110.9,-20.9,-15.9,-,-,-,111.1,-12.4,-10.0,115.2,-9.6,-7.7,123.1,-8.0,-6.1,98.6,-27.4,-21.8,108.2,-21.4,-16.5,124.4,-11.2,-8.3,106.2,-7.2,-6.4,-,-,-
"2013.01",103.6,-8.2,-7.3,97.3,-6.4,-6.2,99.8,-6.7,-6.3,93.8,-2.9,-3.0,96.7,-7.0,-6.7,111.1,-10.3,-8.5,98.4,-14.2,-12.6,132.4,4.7,3.7,122.0,-4.1,-3.2,106.1,-4.2,-3.8,112.5,-19.3,-14.6,-,-,-,115.4,-8.1,-6.6,117.1,-10.2,-8.0,127.5,-3.3,-2.5,93.6,-28.1,-23.1,99.6,-21.9,-18.0,125.2,-4.4,-3.4,102.6,-13.3,-11.5,-,-,-
"2013.02",112.5,-4.2,-3.6,106.8,-0.2,-0.2,109.4,1.4,1.3,104.8,3.7,3.6,105.8,-1.9,-1.8,119.2,-9.2,-7.2,110.8,-7.7,-6.5,140.0,4.7,3.4,128.1,-6.4,-4.8,117.2,1.9,1.6,115.2,-28.4,-19.8,-,-,-,121.3,-13.5,-10.0,124.3,-10.6,-7.8,133.1,-8.5,-6.0,107.2,-8.9,-7.7,106.3,-24.5,-18.7,125.8,-10.5,-7.7,110.7,-12.7,-10.3,-,-,-
"2013.03",115.4,1.4,1.2,110.0,6.4,6.1,110.3,7.3,7.1,105.7,6.2,6.2,110.7,5.9,5.6,122.2,-4.8,-3.8,116.7,-2.8,-2.4,149.8,17.0,12.8,134.7,-1.9,-1.4,113.2,6.7,6.3,118.4,-29.2,-19.8,-,-,-,120.8,-5.9,-4.7,121.2,-15.2,-11.1,127.8,-9.4,-6.9,100.7,-15.9,-13.6,112.0,-14.1,-11.2,127.5,-8.6,-6.3,117.6,0.9,0.8,-,-,-
"2013.04",118.6,5.5,4.8,114.9,11.1,10.7,117.2,12.7,12.1,106.1,7.3,7.4,115.4,11.0,10.5,123.0,-1.8,-1.4,115.6,-0.8,-0.7,154.6,26.1,20.3,130.7,-3.0,-2.2,116.3,17.5,17.8,117.3,-37.0,-23.9,-,-,-,126.6,-0.6,-0.4,123.5,-11.8,-8.7,129.1,-6.5,-4.8,98.4,-16.8,-14.5,110.6,-16.2,-12.8,133.7,-4.3,-3.1,118.6,8.1,7.4,-,-,-
"2013.05",117.9,5.3,4.7,113.2,8.8,8.4,115.0,9.1,8.5,108.3,11.0,11.3,113.2,8.1,7.7,123.6,0.8,0.7,116.8,2.4,2.1,153.1,22.8,17.5,130.3,0.3,0.3,118.0,14.3,13.8,118.5,-20.7,-14.9,-,-,-,126.4,5.1,4.2,123.9,-8.8,-6.6,134.0,-1.5,-1.1,100.8,-6.6,-6.1,112.5,-12.7,-10.1,131.3,-8.6,-6.2,116.9,7.0,6.3,-,-,-
"2013.06",113.1,11.4,11.2,106.4,14.7,16.0,106.0,14.1,15.4,104.4,18.1,21.0,107.0,14.3,15.4,121.4,7.6,6.7,116.5,11.9,11.4,140.5,17.3,14.1,130.7,9.1,7.5,112.3,10.7,10.5,122.9,0.5,0.4,-,-,-,117.6,5.8,5.2,120.2,-3.4,-2.8,120.0,-6.6,-5.2,109.8,3.8,3.6,112.7,4.1,3.7,133.6,6.4,5.0,115.3,11.6,11.2,-,-,-
"2013.07",107.3,6.9,6.9,102.4,10.9,11.9,102.3,10.0,10.8,97.5,14.4,17.4,103.5,10.6,11.4,113.5,2.2,2.0,109.3,6.4,6.2,126.6,6.0,5.0,118.9,-6.5,-5.2,105.4,7.6,7.8,115.5,-0.3,-0.3,-,-,-,110.1,-2.9,-2.6,120.0,-0.8,-0.7,109.6,-8.7,-7.3,104.4,2.5,2.4,105.9,0.5,0.5,128.1,1.3,1.0,105.3,3.6,3.5,-,-,-
"2013.08",116.7,13.3,12.8,114.0,18.9,19.9,113.1,16.9,17.6,110.6,23.7,27.2,115.2,19.1,19.8,120.1,6.5,5.7,115.8,12.4,12.0,136.3,9.1,7.1,124.3,-2.5,-2.0,111.5,10.6,10.5,123.9,5.7,4.8,-,-,-,118.5,3.9,3.4,120.5,-3.2,-2.6,126.4,1.3,1.1,112.5,8.7,8.4,106.3,-0.6,-0.6,130.1,0.1,0.1,112.2,12.5,12.5,-,-,-
"2013.09",129.3,23.7,22.4,128.9,31.4,32.3,127.0,29.5,30.2,126.8,33.7,36.2,130.5,32.1,32.6,129.9,14.1,12.2,126.0,17.7,16.4,152.7,21.8,16.7,135.4,19.1,16.4,125.9,16.7,15.2,126.5,10.1,8.7,-,-,-,123.0,0.3,0.2,125.6,2.0,1.6,138.6,7.9,6.0,104.8,10.8,11.5,118.0,4.8,4.2,134.7,2.8,2.1,131.2,27.2,26.1,-,-,-
"2013.10",129.5,21.9,20.3,126.8,26.3,26.1,125.6,23.8,23.4,122.1,27.2,28.6,128.6,27.5,27.2,132.7,16.4,14.0,128.6,20.5,19.0,156.6,19.3,14.0,142.2,26.7,23.1,124.4,14.8,13.5,132.3,12.1,10.0,-,-,-,125.0,1.5,1.2,130.1,3.3,2.6,139.7,5.6,4.2,106.2,14.6,15.9,116.9,9.8,9.1,136.3,6.2,4.8,135.9,33.1,32.1,-,-,-
"2013.11",123.5,20.2,19.6,119.6,23.8,24.8,120.9,23.4,23.9,116.6,25.6,28.2,119.5,23.6,24.6,128.3,15.7,13.9,124.7,21.5,20.8,149.4,18.4,14.1,137.5,19.1,16.2,122.7,16.3,15.3,125.7,15.0,13.5,-,-,-,124.5,9.5,8.2,123.3,-1.9,-1.5,138.1,8.2,6.3,100.5,9.6,10.5,113.0,9.8,9.4,132.1,2.8,2.2,131.5,31.6,31.6,-,-,-
"2013.12",117.3,14.0,13.5,112.5,15.7,16.2,112.2,13.0,13.1,109.3,15.6,16.6,113.4,17.2,17.9,123.1,11.8,10.6,118.8,17.2,17.0,133.4,6.1,4.8,135.0,18.2,15.6,119.8,12.8,12.0,125.5,14.6,13.2,-,-,-,120.3,9.2,8.3,124.9,9.8,8.5,124.4,1.3,1.0,110.3,11.7,11.8,108.4,0.2,0.2,132.2,7.8,6.3,120.0,13.9,13.0,-,-,-
"2014.01",128.6,25.0,24.2,126.9,29.5,30.3,128.4,28.7,28.7,120.9,27.1,28.9,127.3,30.6,31.6,130.4,19.3,17.4,127.0,28.6,29.1,143.4,11.0,8.3,137.6,15.7,12.8,126.4,20.3,19.1,131.1,18.6,16.5,-,-,-,128.2,12.9,11.2,134.3,17.2,14.7,140.6,13.1,10.3,115.7,22.1,23.6,108.1,8.5,8.5,140.3,15.2,12.1,126.5,23.9,23.3,-,-,-
"2014.02",135.8,23.4,20.8,135.1,28.3,26.5,134.5,25.1,22.9,129.6,24.9,23.7,136.6,30.8,29.1,136.6,17.4,14.6,137.2,26.5,23.9,149.0,8.9,6.4,142.9,14.8,11.6,130.2,13.0,11.1,139.9,24.7,21.4,-,-,-,132.5,11.2,9.2,135.7,11.4,9.2,144.0,10.9,8.2,121.1,14.0,13.0,113.7,7.4,6.9,142.2,16.4,13.0,134.9,24.2,21.9,-,-,-
"2014.03",127.2,11.8,10.2,124.1,14.2,12.9,121.4,11.1,10.1,129.7,24.0,22.7,124.5,13.8,12.5,131.3,9.1,7.4,133.2,16.5,14.1,143.1,-6.7,-4.5,134.1,-0.7,-0.5,120.2,7.0,6.2,138.3,19.9,16.8,-,-,-,128.6,7.8,6.5,133.0,11.7,9.7,136.0,8.3,6.5,117.2,16.5,16.4,112.1,0.1,0.1,133.8,6.4,5.0,130.7,13.1,11.1,-,-,-
"2014.04",124.0,5.4,4.5,119.3,4.4,3.9,117.7,0.5,0.4,123.9,17.8,16.8,119.2,3.8,3.3,130.0,7.0,5.7,131.4,15.9,13.7,142.6,-12.0,-7.8,128.2,-2.4,-1.9,118.1,1.8,1.6,140.4,23.0,19.6,-,-,-,119.6,-7.0,-5.5,134.3,10.8,8.8,144.0,14.9,11.6,113.1,14.8,15.0,114.0,3.5,3.1,131.2,-2.5,-1.9,127.0,8.4,7.1,-,-,-
"2014.05",121.2,3.3,2.8,117.3,4.1,3.6,115.7,0.7,0.6,119.9,11.6,10.7,117.6,4.5,3.9,126.2,2.6,2.1,125.7,8.9,7.6,137.1,-16.0,-10.4,127.3,-3.0,-2.3,118.9,0.9,0.8,135.6,17.1,14.4,-,-,-,119.6,-6.8,-5.4,128.6,4.7,3.8,138.1,4.1,3.1,110.9,10.1,10.0,106.5,-6.0,-5.3,132.1,0.8,0.6,123.5,6.6,5.6,-,-,-
"2014.06",117.1,4.0,3.6,114.4,8.0,7.5,112.1,6.1,5.8,114.3,9.9,9.5,115.7,8.7,8.1,120.5,-0.9,-0.8,121.1,4.6,4.0,131.5,-9.0,-6.4,120.1,-10.6,-8.1,114.6,2.4,2.1,131.7,8.9,7.2,-,-,-,126.5,8.9,7.6,116.4,-3.8,-3.2,129.3,9.4,7.8,105.5,-4.3,-3.9,112.4,-0.3,-0.3,115.3,-18.3,-13.7,117.7,2.5,2.1,-,-,-
"2014.07",124.4,17.1,15.9,122.6,20.2,19.8,119.6,17.3,16.9,120.5,23.0,23.6,124.8,21.4,20.6,126.5,13.0,11.4,129.0,19.7,18.0,137.4,10.8,8.5,125.2,6.3,5.3,118.5,13.1,12.5,139.9,24.4,21.1,-,-,-,130.1,20.0,18.2,125.8,5.8,4.9,134.5,24.9,22.7,108.9,4.5,4.3,110.7,4.9,4.6,124.4,-3.7,-2.9,122.8,17.5,16.7,-,-,-
"2014.08",134.5,17.8,15.3,135.0,21.0,18.5,133.5,20.4,18.0,131.4,20.8,18.8,136.7,21.5,18.7,133.6,13.5,11.2,135.1,19.3,16.7,151.1,14.9,10.9,133.8,9.5,7.6,124.5,13.0,11.6,146.2,22.3,18.0,-,-,-,136.5,18.0,15.2,129.0,8.5,7.0,144.1,17.7,14.0,116.7,4.2,3.7,118.5,12.2,11.5,125.7,-4.4,-3.4,130.7,18.5,16.5,-,-,-
"2014.09",138.8,9.5,7.4,138.9,10.0,7.7,138.8,11.9,9.3,136.9,10.1,8.0,139.3,8.8,6.8,138.5,8.6,6.6,142.4,16.4,13.0,155.3,2.6,1.7,144.2,8.8,6.5,126.2,0.3,0.3,150.4,23.9,18.9,-,-,-,122.5,-0.5,-0.4,137.1,11.5,9.1,135.5,-3.1,-2.2,126.4,21.6,20.6,121.8,3.9,3.3,131.6,-3.1,-2.3,137.0,5.8,4.4,-,-,-
"2014.10",137.4,7.9,6.1,136.1,9.3,7.3,135.9,10.3,8.2,132.4,10.3,8.4,137.0,8.5,6.6,139.0,6.3,4.7,140.9,12.3,9.6,153.5,-3.1,-2.0,153.9,11.7,8.2,126.7,2.3,1.9,156.4,24.1,18.2,-,-,-,131.2,6.2,5.0,135.7,5.6,4.3,134.0,-5.7,-4.1,127.1,20.9,19.7,117.8,0.9,0.7,133.6,-2.7,-2.0,136.0,0.1,0.1,-,-,-
"2014.11",129.6,6.1,4.9,127.2,7.6,6.4,126.1,5.2,4.3,127.5,10.9,9.4,127.8,8.4,7.0,132.5,4.2,3.3,136.0,11.3,9.0,147.4,-2.0,-1.3,150.9,13.4,9.8,117.4,-5.3,-4.3,146.0,20.3,16.2,-,-,-,122.4,-2.1,-1.7,131.8,8.5,6.9,125.8,-12.3,-8.9,120.1,19.6,19.6,114.1,1.1,1.0,126.7,-5.4,-4.1,126.0,-5.5,-4.2,-,-,-
"2014.12",117.4,0.1,0.1,114.8,2.3,2.0,114.4,2.2,2.0,118.1,8.8,8.1,114.4,1.0,0.9,120.8,-2.3,-1.9,122.4,3.6,3.1,128.7,-4.7,-3.5,136.9,1.9,1.4,107.6,-12.2,-10.1,132.3,6.8,5.4,-,-,-,124.2,3.9,3.3,113.3,-11.6,-9.3,123.5,-0.9,-0.7,109.6,-0.7,-0.6,107.2,-1.2,-1.1,119.0,-13.2,-10.0,115.8,-4.2,-3.5,-,-,-
"2015.01",131.8,3.2,2.5,132.6,5.7,4.5,131.6,3.2,2.5,135.0,14.1,11.7,132.6,5.3,4.2,131.0,0.6,0.5,133.9,6.9,5.4,146.7,3.3,2.3,148.5,10.9,7.9,112.3,-14.1,-11.1,141.1,10.0,7.6,-,-,-,139.7,11.5,8.9,121.7,-12.6,-9.4,130.9,-9.7,-6.9,120.4,4.7,4.1,109.3,1.2,1.1,124.8,-15.5,-11.1,127.2,0.7,0.5,-,-,-
"2015.02",134.7,-1.1,-0.8,135.6,0.6,0.4,137.4,2.9,2.2,135.7,6.1,4.7,134.5,-2.1,-1.5,133.4,-3.2,-2.3,135.9,-1.3,-1.0,149.4,0.4,0.3,147.2,4.3,3.0,116.9,-13.3,-10.2,144.6,4.7,3.4,-,-,-,148.9,16.4,12.4,123.6,-12.1,-8.9,130.7,-13.3,-9.3,125.2,4.1,3.4,114.7,1.0,0.9,125.5,-16.7,-11.7,128.1,-6.8,-5.0,-,-,-
"2015.03",142.5,15.3,12.0,145.2,21.1,17.0,147.2,25.8,21.2,147.7,18.0,13.9,143.6,19.1,15.3,139.0,7.8,5.9,146.2,13.0,9.8,155.6,12.5,8.8,158.5,24.4,18.2,127.0,6.8,5.7,140.8,2.6,1.8,-,-,-,142.8,14.2,11.1,129.2,-3.8,-2.8,118.7,-17.3,-12.7,126.4,9.3,7.9,128.9,16.8,15.0,132.3,-1.5,-1.2,134.1,3.4,2.6,-,-,-
"2015.04",143.3,19.3,15.6,145.7,26.4,22.1,146.0,28.3,24.1,144.9,21.0,17.0,145.7,26.5,22.2,140.4,10.4,8.0,147.5,16.1,12.2,155.5,12.9,9.1,152.3,24.1,18.8,127.0,8.9,7.5,148.3,7.9,5.6,-,-,-,149.1,29.5,24.6,128.3,-6.0,-4.5,119.2,-24.8,-17.2,129.7,16.6,14.6,129.7,15.7,13.7,133.2,2.0,1.5,139.1,12.1,9.5,-,-,-
"2015.05",139.1,17.9,14.8,141.6,24.3,20.7,144.0,28.3,24.4,140.5,20.6,17.1,140.5,22.9,19.4,136.0,9.9,7.8,142.4,16.7,13.3,148.8,11.7,8.5,148.1,20.8,16.3,121.6,2.8,2.3,148.3,12.7,9.4,-,-,-,144.7,25.1,21.0,124.6,-4.0,-3.1,122.3,-15.8,-11.4,128.5,17.6,15.9,125.4,18.9,17.8,128.7,-3.4,-2.6,129.7,6.2,5.0,-,-,-
"2015.06",135.0,17.9,15.3,134.7,20.3,17.7,139.9,27.8,24.8,131.2,16.9,14.8,132.4,16.7,14.4,134.8,14.3,11.9,142.6,21.5,17.8,154.4,22.9,17.4,139.3,19.2,16.0,123.2,8.6,7.5,147.7,16.0,12.1,-,-,-,141.9,15.4,12.2,115.8,-0.6,-0.5,113.8,-15.5,-12.0,124.6,19.1,18.1,129.4,17.0,15.1,129.3,14.0,12.1,127.7,10.0,8.5,-,-,-
"2015.07",140.6,16.2,13.0,141.8,19.2,15.7,149.3,29.7,24.8,137.1,16.6,13.8,138.4,13.6,10.9,138.5,12.0,9.5,147.1,18.1,14.0,159.3,21.9,15.9,135.7,10.5,8.4,127.4,8.9,7.5,151.4,11.5,8.2,-,-,-,149.1,19.0,14.6,124.1,-1.7,-1.4,118.0,-16.5,-12.3,125.8,16.9,15.5,131.5,20.8,18.8,128.5,4.1,3.3,133.3,10.5,8.6,-,-,-
"2015.08",138.1,3.6,2.7,138.9,3.9,2.9,144.2,10.7,8.0,137.2,5.8,4.4,136.2,-0.5,-0.4,136.7,3.1,2.3,144.9,9.8,7.3,150.6,-0.5,-0.3,131.6,-2.2,-1.6,129.3,4.8,3.9,150.2,4.0,2.7,-,-,-,150.8,14.3,10.5,123.1,-5.9,-4.6,116.1,-28.0,-19.4,125.6,8.9,7.6,132.5,14.0,11.8,129.1,3.4,2.7,132.4,1.7,1.3,-,-,-
"2015.09",134.4,-4.4,-3.2,136.7,-2.2,-1.6,138.3,-0.5,-0.4,137.1,0.2,0.1,135.7,-3.6,-2.6,131.4,-7.1,-5.1,139.1,-3.3,-2.3,141.9,-13.4,-8.6,128.9,-15.3,-10.6,119.2,-7.0,-5.5,141.2,-9.2,-6.1,-,-,-,149.8,27.3,22.3,118.7,-18.4,-13.4,114.5,-21.0,-15.5,127.4,1.0,0.8,123.2,1.4,1.1,126.6,-5.0,-3.8,128.5,-8.5,-6.2,-,-,-
"2015.10",137.4,0.0,0.0,140.5,4.4,3.2,144.1,8.2,6.0,138.8,6.4,4.8,138.7,1.7,1.2,133.5,-5.5,-4.0,146.6,5.7,4.0,132.1,-21.4,-13.9,129.3,-24.6,-16.0,121.5,-5.2,-4.1,148.4,-8.0,-5.1,-,-,-,156.1,24.9,19.0,118.8,-16.9,-12.5,110.6,-23.4,-17.5,131.3,4.2,3.3,130.9,13.1,11.1,123.1,-10.5,-7.9,133.2,-2.8,-2.1,-,-,-
"2015.11",127.9,-1.7,-1.3,130.4,3.2,2.5,133.8,7.7,6.1,128.2,0.7,0.5,129.0,1.2,0.9,124.7,-7.8,-5.9,137.6,1.6,1.2,115.6,-31.8,-21.6,124.0,-26.9,-17.8,115.8,-1.6,-1.4,133.1,-12.9,-8.8,-,-,-,143.6,21.2,17.3,114.9,-16.9,-12.8,103.8,-22.0,-17.5,122.3,2.2,1.8,127.1,13.0,11.4,114.6,-12.1,-9.6,125.2,-0.8,-0.6,-,-,-
"2015.12",112.2,-5.2,-4.4,113.4,-1.4,-1.2,113.5,-0.9,-0.8,112.3,-5.8,-4.9,113.5,-0.9,-0.8,110.9,-9.9,-8.2,120.3,-2.1,-1.7,96.8,-31.9,-24.8,107.4,-29.5,-21.5,111.6,4.0,3.7,118.8,-13.5,-10.2,-,-,-,134.1,9.9,8.0,108.2,-5.1,-4.5,95.2,-28.3,-22.9,113.4,3.8,3.5,120.7,13.5,12.6,100.0,-19.0,-16.0,106.6,-9.2,-7.9,-,-,-
"2016.01",112.4,-19.4,-14.7,114.5,-18.1,-13.7,114.4,-17.2,-13.1,114.4,-20.6,-15.3,114.7,-17.9,-13.5,110.1,-20.9,-16.0,121.5,-12.4,-9.3,90.3,-56.4,-38.4,105.6,-42.9,-28.9,112.5,0.2,0.2,119.1,-22.0,-15.6,-,-,-,133.4,-6.3,-4.5,108.2,-13.5,-11.1,98.1,-32.8,-25.1,114.6,-5.8,-4.8,121.3,12.0,11.0,93.3,-31.5,-25.2,108.3,-18.9,-14.9,-,-,-
"2016.02",114.5,-20.2,-15.0,116.9,-18.7,-13.8,118.0,-19.4,-14.1,113.9,-21.8,-16.1,117.0,-17.5,-13.0,111.9,-21.5,-16.1,125.1,-10.8,-7.9,93.5,-55.9,-37.4,102.8,-44.4,-30.2,113.8,-3.1,-2.7,121.2,-23.4,-16.2,-,-,-,131.6,-17.3,-11.6,110.1,-13.5,-10.9,98.2,-32.5,-24.9,116.6,-8.6,-6.9,122.2,7.5,6.5,94.3,-31.2,-24.9,110.4,-17.7,-13.8,-,-,-
"2016.03",119.1,-23.4,-16.4,122.1,-23.1,-15.9,123.5,-23.7,-16.1,122.5,-25.2,-17.1,121.1,-22.5,-15.7,115.3,-23.7,-17.1,129.1,-17.1,-11.7,100.5,-55.1,-35.4,105.8,-52.7,-33.2,112.9,-14.1,-11.1,120.0,-20.8,-14.8,-,-,-,139.4,-3.4,-2.4,110.1,-19.1,-14.8,104.7,-14.0,-11.8,119.4,-7.0,-5.5,123.7,-5.2,-4.0,100.5,-31.8,-24.0,111.3,-22.8,-17.0,-,-,-
"2016.04",120.8,-22.5,-15.7,126.4,-19.3,-13.2,129.0,-17.0,-11.6,123.1,-21.8,-15.0,125.6,-20.1,-13.8,113.6,-26.8,-19.1,132.1,-15.4,-10.4,93.0,-62.5,-40.2,105.5,-46.8,-30.7,112.0,-15.0,-11.8,112.3,-36.0,-24.3,-,-,-,139.7,-9.4,-6.3,105.1,-23.2,-18.1,106.0,-13.2,-11.1,115.2,-14.5,-11.2,126.1,-3.6,-2.8,99.8,-33.4,-25.1,109.7,-29.4,-21.1,-,-,-
"2016.05",121.9,-17.2,-12.4,129.0,-12.6,-8.9,133.8,-10.2,-7.1,122.7,-17.8,-12.7,127.5,-13.0,-9.3,113.0,-23.0,-16.9,132.1,-10.3,-7.2,94.4,-54.4,-36.6,105.1,-43.0,-29.0,114.0,-7.6,-6.3,105.6,-42.7,-28.8,-,-,-,138.6,-6.1,-4.2,107.0,-17.6,-14.1,103.7,-18.6,-15.2,115.8,-12.7,-9.9,119.6,-5.8,-4.6,97.2,-31.5,-24.5,110.9,-18.8,-14.5,-,-,-
"2016.06",126.4,-8.6,-6.4,134.4,-0.3,-0.2,142.3,2.4,1.7,126.3,-4.9,-3.7,131.7,-0.7,-0.5,116.2,-18.6,-13.8,134.4,-8.2,-5.8,93.7,-60.7,-39.3,115.0,-24.3,-17.4,118.5,-4.7,-3.8,105.8,-41.9,-28.4,-,-,-,139.1,-2.8,-2.0,111.8,-4.0,-3.5,116.6,2.8,2.5,116.7,-7.9,-6.3,135.3,5.9,4.6,99.6,-29.7,-23.0,102.2,-25.5,-20.0,-,-,-
"2016.07",128.5,-12.1,-8.6,137.1,-4.7,-3.3,143.7,-5.6,-3.8,130.5,-6.6,-4.8,134.7,-3.7,-2.7,118.0,-20.5,-14.8,139.4,-7.7,-5.2,92.5,-66.8,-41.9,121.9,-13.8,-10.2,119.0,-8.4,-6.6,106.5,-44.9,-29.7,-,-,-,147.6,-1.5,-1.0,112.3,-11.8,-9.5,111.6,-6.4,-5.4,121.3,-4.5,-3.6,132.7,1.2,0.9,101.0,-27.5,-21.4,105.8,-27.5,-20.6,-,-,-
"2016.08",132.5,-5.6,-4.1,140.6,1.7,1.2,145.7,1.5,1.0,136.6,-0.6,-0.4,138.6,2.4,1.8,122.8,-13.9,-10.2,144.5,-0.4,-0.3,100.9,-49.7,-33.0,122.7,-8.9,-6.8,126.0,-3.3,-2.6,111.9,-38.3,-25.5,-,-,-,150.6,-0.2,-0.1,111.0,-12.1,-9.8,118.3,2.2,1.9,122.7,-2.9,-2.3,139.6,7.1,5.4,104.7,-24.4,-18.9,112.5,-19.9,-15.0,-,-,-
"2016.09",134.0,-0.4,-0.3,139.1,2.4,1.8,143.9,5.6,4.0,138.8,1.7,1.2,136.4,0.7,0.5,127.5,-3.9,-3.0,149.3,10.2,7.3,112.8,-29.1,-20.5,123.7,-5.2,-4.0,129.0,9.8,8.2,118.8,-22.4,-15.9,-,-,-,143.8,-6.0,-4.0,113.0,-5.7,-4.8,121.1,6.6,5.8,132.8,5.4,4.2,132.8,9.6,7.8,101.2,-25.4,-20.1,123.2,-5.3,-4.1,-,-,-
"2016.10",134.1,-3.3,-2.4,139.8,-0.7,-0.5,144.4,0.3,0.2,137.8,-1.0,-0.7,137.6,-1.1,-0.8,127.5,-6.0,-4.5,154.5,7.9,5.4,112.4,-19.7,-14.9,116.3,-13.0,-10.1,136.7,15.2,12.5,114.5,-33.9,-22.8,-,-,-,146.3,-9.8,-6.3,115.6,-3.2,-2.7,116.3,5.7,5.2,129.1,-2.2,-1.7,137.1,6.2,4.7,95.2,-27.9,-22.7,122.8,-10.4,-7.8,-,-,-
"2016.11",120.7,-7.2,-5.6,122.5,-7.9,-6.1,122.8,-11.0,-8.2,121.6,-6.6,-5.1,122.5,-6.5,-5.0,119.0,-5.7,-4.6,140.4,2.8,2.0,104.9,-10.7,-9.3,109.3,-14.7,-11.9,127.0,11.2,9.7,110.7,-22.4,-16.8,-,-,-,136.8,-6.8,-4.7,106.1,-8.8,-7.7,108.9,5.1,4.9,122.2,-0.1,-0.1,132.1,5.0,3.9,93.3,-21.3,-18.6,116.2,-9.0,-7.2,-,-,-
"2016.12",110.9,-1.3,-1.2,110.3,-3.1,-2.7,109.9,-3.6,-3.2,111.6,-0.7,-0.6,110.2,-3.3,-2.9,111.6,0.7,0.6,121.8,1.5,1.2,101.7,4.9,5.1,110.3,2.9,2.7,117.4,5.8,5.2,100.0,-18.8,-15.8,-,-,-,124.6,-9.5,-7.1,108.1,-0.1,-0.1,104.0,8.8,9.2,115.0,1.6,1.4,125.7,5.0,4.1,99.3,-0.7,-0.7,105.7,-0.9,-0.8,-,-,-
"2017.01",111.9,-0.5,-0.4,112.4,-2.1,-1.8,111.9,-2.5,-2.2,113.4,-1.0,-0.9,112.4,-2.3,-2.0,111.2,1.1,1.0,124.1,2.6,2.1,99.1,8.8,9.7,106.8,1.2,1.1,119.1,6.6,5.9,96.7,-22.4,-18.8,-,-,-,135.6,2.2,1.6,107.0,-1.2,-1.1,103.5,5.4,5.5,115.0,0.4,0.3,126.9,5.6,4.6,94.9,1.6,1.7,101.7,-6.6,-6.1,-,-,-
"2017.02",117.2,2.7,2.4,118.5,1.6,1.4,119.1,1.1,0.9,122.2,8.3,7.3,117.4,0.4,0.3,115.5,3.6,3.2,124.6,-0.5,-0.4,107.7,14.2,15.2,113.1,10.3,10.0,120.1,6.3,5.5,104.5,-16.7,-13.8,-,-,-,136.8,5.2,4.0,116.2,6.1,5.5,107.8,9.6,9.8,117.2,0.6,0.5,126.8,4.6,3.8,99.9,5.6,5.9,107.3,-3.1,-2.8,-,-,-
"2017.03",120.1,1.0,0.8,123.5,1.4,1.1,125.8,2.3,1.9,123.6,1.1,0.9,122.2,1.1,0.9,115.6,0.3,0.3,126.7,-2.4,-1.9,101.8,1.3,1.3,113.8,8.0,7.6,123.9,11.0,9.7,110.8,-9.2,-7.7,-,-,-,123.7,-15.7,-11.3,108.5,-1.6,-1.5,105.4,0.7,0.7,122.3,2.9,2.4,135.2,11.5,9.3,103.6,3.1,3.1,105.8,-5.5,-4.9,-,-,-
"2017.04",120.5,-0.3,-0.2,126.0,-0.4,-0.3,132.3,3.3,2.6,124.2,1.1,0.9,122.7,-2.9,-2.3,113.3,-0.3,-0.3,127.6,-4.5,-3.4,97.9,4.9,5.3,112.6,7.1,6.7,123.8,11.8,10.5,107.4,-4.9,-4.4,-,-,-,123.3,-16.4,-11.7,108.4,3.3,3.1,104.8,-1.2,-1.1,117.3,2.1,1.8,132.1,6.0,4.8,100.7,0.9,0.9,98.8,-10.9,-9.9,-,-,-
"2017.05",126.2,4.3,3.5,134.4,5.4,4.2,144.4,10.6,7.9,128.5,5.8,4.7,129.9,2.4,1.9,115.4,2.4,2.1,128.1,-4.0,-3.0,105.8,11.4,12.1,118.2,13.1,12.5,126.4,12.4,10.9,110.6,5.0,4.7,-,-,-,122.1,-16.5,-11.9,110.2,3.2,3.0,103.4,-0.3,-0.3,121.6,5.8,5.0,131.5,11.9,9.9,101.4,4.2,4.3,98.2,-12.7,-11.5,-,-,-
"2017.06",127.5,1.1,0.9,136.0,1.6,1.2,145.8,3.5,2.5,129.8,3.5,2.8,131.8,0.1,0.1,116.6,0.4,0.3,126.7,-7.7,-5.7,122.3,28.6,30.5,126.8,11.8,10.3,118.9,0.4,0.3,107.5,1.7,1.6,-,-,-,123.6,-15.5,-11.1,106.5,-5.3,-4.7,107.7,-8.9,-7.6,121.1,4.4,3.8,135.1,-0.2,-0.1,93.1,-6.5,-6.5,98.1,-4.1,-4.0,-,-,-
"2017.07",132.0,3.5,2.7,142.5,5.4,3.9,156.2,12.5,8.7,129.8,-0.7,-0.5,137.3,2.6,1.9,118.8,0.8,0.7,128.6,-10.8,-7.7,132.2,39.7,42.9,128.5,6.6,5.4,120.2,1.2,1.0,105.9,-0.6,-0.6,-,-,-,130.9,-16.7,-11.3,110.9,-1.4,-1.2,115.7,4.1,3.7,122.3,1.0,0.8,135.6,2.9,2.2,90.1,-10.9,-10.8,96.8,-9.0,-8.5,-,-,-
"2017.08",120.4,-12.1,-9.1,124.7,-15.9,-11.3,123.3,-22.4,-15.4,123.1,-13.5,-9.9,125.8,-12.8,-9.2,123.3,0.5,0.4,121.0,-23.5,-16.3,130.5,29.6,29.3,125.0,2.3,1.9,119.6,-6.4,-5.1,104.3,-7.6,-6.8,-,-,-,129.1,-21.5,-14.3,107.2,-3.8,-3.4,110.6,-7.7,-6.5,121.4,-1.3,-1.1,137.6,-2.0,-1.4,89.8,-14.9,-14.2,96.1,-16.4,-14.6,-,-,-
"2017.09",119.7,-14.3,-10.7,123.9,-15.2,-10.9,128.3,-15.6,-10.8,120.8,-18.0,-13.0,122.0,-14.4,-10.6,114.4,-13.1,-10.3,110.0,-39.3,-26.3,126.5,13.7,12.1,129.8,6.1,4.9,121.8,-7.2,-5.6,98.6,-20.2,-17.0,-,-,-,119.8,-24.0,-16.7,108.3,-4.7,-4.2,113.1,-8.0,-6.6,128.4,-4.4,-3.3,139.0,6.2,4.7,105.2,4.0,4.0,94.3,-28.9,-23.5,-,-,-
"2017.10",119.0,-15.1,-11.3,122.8,-17.0,-12.2,132.7,-11.7,-8.1,117.0,-20.8,-15.1,118.5,-19.1,-13.9,114.1,-13.4,-10.5,112.9,-41.6,-26.9,129.6,17.2,15.3,127.3,11.0,9.5,120.2,-16.5,-12.1,96.8,-17.7,-15.5,-,-,-,114.1,-32.2,-22.0,107.3,-8.3,-7.2,111.5,-4.8,-4.1,121.8,-7.3,-5.7,141.5,4.4,3.2,100.5,5.3,5.6,96.4,-26.4,-21.5,-,-,-
"2017.11",115.3,-5.4,-4.5,120.7,-1.8,-1.5,135.6,12.8,10.4,110.1,-11.5,-9.5,114.4,-8.1,-6.6,108.1,-10.9,-9.2,106.9,-33.5,-23.9,123.5,18.6,17.7,123.2,13.9,12.7,118.9,-8.1,-6.4,90.0,-20.7,-18.7,-,-,-,107.9,-28.9,-21.1,99.4,-6.7,-6.3,107.2,-1.7,-1.6,115.5,-6.7,-5.5,133.5,1.4,1.1,95.4,2.1,2.3,87.3,-28.9,-24.9,-,-,-
"2017.12",112.6,1.7,1.5,118.9,8.6,7.8,133.5,23.6,21.5,112.0,0.4,0.4,112.0,1.8,1.6,104.1,-7.5,-6.7,98.9,-22.9,-18.8,109.7,8.0,7.9,120.4,10.1,9.2,112.9,-4.5,-3.8,86.9,-13.1,-13.1,-,-,-,116.3,-8.3,-6.7,106.3,-1.8,-1.7,108.2,4.2,4.0,110.6,-4.4,-3.8,125.8,0.1,0.1,96.3,-3.0,-3.0,85.1,-20.6,-19.5,-,-,-
"2018.01",121.4,9.5,8.5,132.0,19.6,17.4,150.0,38.1,34.0,115.9,2.5,2.2,125.1,12.7,11.3,107.7,-3.5,-3.1,104.9,-19.2,-15.5,116.6,17.5,17.7,129.3,22.5,21.1,121.0,1.9,1.6,91.6,-5.1,-5.3,-,-,-,115.6,-20.0,-14.7,102.0,-5.0,-4.7,107.6,4.1,4.0,115.1,0.1,0.1,132.3,5.4,4.3,93.6,-1.3,-1.4,85.3,-16.4,-16.1,-,-,-
"2018.02",121.9,4.7,4.0,131.7,13.2,11.1,147.2,28.1,23.6,119.7,-2.5,-2.0,125.4,8.0,6.8,109.3,-6.2,-5.4,106.6,-18.0,-14.4,119.7,12.0,11.1,131.4,18.3,16.2,119.6,-0.5,-0.4,94.7,-9.8,-9.4,-,-,-,116.9,-19.9,-14.5,105.6,-10.6,-9.1,106.2,-1.6,-1.5,114.6,-2.6,-2.2,132.3,5.5,4.3,94.1,-5.8,-5.8,88.9,-18.4,-17.1,-,-,-
"2018.03",118.6,-1.5,-1.2,126.2,2.7,2.2,137.8,12.0,9.5,110.4,-13.2,-10.7,123.0,0.8,0.7,108.8,-6.8,-5.9,103.0,-23.7,-18.7,123.6,21.8,21.4,127.5,13.7,12.0,121.3,-2.6,-2.1,95.1,-15.7,-14.2,-,-,-,107.0,-16.7,-13.5,104.0,-4.5,-4.1,107.1,1.7,1.6,107.7,-14.6,-11.9,130.5,-4.7,-3.5,94.8,-8.8,-8.5,95.9,-9.9,-9.4,-,-,-
"2018.04",110.0,-10.5,-8.7,116.4,-9.6,-7.6,126.5,-5.8,-4.4,103.3,-20.9,-16.8,113.4,-9.3,-7.6,102.1,-11.2,-9.9,95.8,-31.8,-24.9,118.0,20.1,20.5,124.8,12.2,10.8,117.8,-6.0,-4.8,84.1,-23.3,-21.7,-,-,-,94.2,-29.1,-23.6,93.4,-15.0,-13.8,106.1,1.3,1.2,100.5,-16.8,-14.3,127.6,-4.5,-3.4,88.8,-11.9,-11.8,89.0,-9.8,-9.9,-,-,-
"2018.05",109.1,-17.1,-13.5,115.9,-18.5,-13.8,128.1,-16.3,-11.3,103.5,-25.0,-19.5,111.7,-18.2,-14.0,100.4,-15.0,-13.0,92.5,-35.6,-27.8,115.7,9.9,9.4,125.6,7.4,6.3,114.8,-11.6,-9.2,83.2,-27.4,-24.8,-,-,-,88.4,-33.7,-27.6,97.4,-12.8,-11.6,98.6,-4.8,-4.6,101.6,-20.0,-16.4,127.5,-4.0,-3.0,88.5,-12.9,-12.7,87.6,-10.6,-10.8,-,-,-
"2018.06",105.9,-21.6,-16.9,110.6,-25.4,-18.7,121.6,-24.2,-16.6,100.5,-29.3,-22.6,106.4,-25.4,-19.3,99.5,-17.1,-14.7,90.3,-36.4,-28.7,117.6,-4.7,-3.8,128.9,2.1,1.7,106.2,-12.7,-10.7,81.9,-25.6,-23.8,-,-,-,89.8,-33.8,-27.3,102.4,-4.1,-3.8,103.7,-4.0,-3.7,97.0,-24.1,-19.9,118.6,-16.5,-12.2,82.0,-11.1,-11.9,88.2,-9.9,-10.1,-,-,-
"2018.07",108.1,-23.9,-18.1,115.1,-27.4,-19.2,130.3,-25.9,-16.6,100.5,-29.3,-22.6,109.5,-27.8,-20.2,98.8,-20.0,-16.8,93.5,-35.1,-27.3,114.2,-18.0,-13.6,131.2,2.7,2.1,110.9,-9.3,-7.7,77.4,-28.5,-26.9,-,-,-,88.7,-42.2,-32.2,99.5,-11.4,-10.3,99.7,-16.0,-13.8,96.6,-25.7,-21.0,117.6,-18.0,-13.3,80.0,-10.1,-11.2,84.8,-12.0,-12.4,-,-,-
"2018.08",120.3,-0.1,-0.1,133.9,9.2,7.4,155.9,32.6,26.4,108.5,-14.6,-11.9,126.8,1.0,0.8,102.3,-21.0,-17.0,95.4,-25.6,-21.2,125.7,-4.8,-3.7,134.3,9.3,7.4,113.4,-6.2,-5.2,78.9,-25.4,-24.4,-,-,-,91.4,-37.7,-29.2,98.1,-9.1,-8.5,105.5,-5.1,-4.6,97.5,-23.9,-19.7,124.4,-13.2,-9.6,82.9,-6.9,-7.7,87.5,-8.6,-8.9,-,-,-
"2018.09",122.0,2.3,1.9,134.2,10.3,8.3,147.0,18.7,14.6,117.4,-3.4,-2.8,130.4,8.4,6.9,106.3,-8.1,-7.1,100.2,-9.8,-8.9,128.4,1.9,1.5,148.7,18.9,14.6,115.4,-6.4,-5.3,84.0,-14.6,-14.8,-,-,-,104.0,-15.8,-13.2,92.1,-16.2,-15.0,106.9,-6.2,-5.5,109.3,-19.1,-14.9,130.6,-8.4,-6.0,85.1,-20.1,-19.1,87.3,-7.0,-7.4,-,-,-
"2018.10",112.4,-6.6,-5.5,120.6,-2.2,-1.8,128.0,-4.7,-3.5,110.8,-6.2,-5.3,120.3,1.8,1.5,103.0,-11.1,-9.7,96.1,-16.8,-14.9,122.7,-6.9,-5.3,146.3,19.0,14.9,124.7,4.5,3.7,82.2,-14.6,-15.1,-,-,-,95.1,-19.0,-16.7,88.1,-19.2,-17.9,104.5,-7.0,-6.3,102.7,-19.1,-15.7,131.9,-9.6,-6.8,80.1,-20.4,-20.3,82.6,-13.8,-14.3,-,-,-
"2018.11",103.3,-12.0,-10.4,110.2,-10.5,-8.7,118.6,-17.0,-12.5,102.6,-7.5,-6.8,107.0,-7.4,-6.5,95.3,-12.8,-11.8,89.6,-17.3,-16.2,113.7,-9.8,-7.9,131.7,8.5,6.9,110.8,-8.1,-6.8,72.8,-17.2,-19.1,-,-,-,89.5,-18.4,-17.1,86.0,-13.4,-13.5,95.3,-11.9,-11.1,96.7,-18.8,-16.3,127.2,-6.3,-4.7,74.6,-20.8,-21.8,77.7,-9.6,-11.0,-,-,-
"2018.12",97.2,-15.4,-13.7,100.7,-18.2,-15.3,104.9,-28.6,-21.4,94.9,-17.1,-15.3,99.5,-12.5,-11.2,93.6,-10.5,-10.1,91.2,-7.7,-7.8,106.8,-2.9,-2.6,123.6,3.2,2.7,102.2,-10.7,-9.5,69.9,-17.0,-19.6,111.0,,,81.2,-35.1,-30.2,77.9,-28.4,-26.7,97.5,-10.7,-9.9,95.7,-14.9,-13.5,114.8,-11.0,-8.7,84.5,-11.8,-12.3,79.6,-5.5,-6.5,86.9,,
"2019.01",95.5,-25.9,-21.3,98.7,-33.3,-25.2,100.5,-49.5,-33.0,97.1,-18.8,-16.2,98.1,-27.0,-21.6,92.7,-15.0,-13.9,94.4,-10.5,-10.0,102.2,-14.4,-12.3,114.4,-14.9,-11.5,106.5,-14.5,-12.0,67.2,-24.4,-26.6,119.3,,,77.2,-38.4,-33.2,74.6,-27.4,-26.9,100.0,-7.6,-7.1,93.7,-21.4,-18.6,120.9,-11.4,-8.6,79.1,-14.5,-15.5,78.8,-6.5,-7.6,83.3,,
"2019.02",97.9,-24.0,-19.7,101.5,-30.2,-22.9,102.1,-45.1,-30.6,99.8,-19.9,-16.6,101.6,-23.8,-19.0,94.7,-14.6,-13.4,93.3,-13.3,-12.5,103.6,-16.1,-13.5,115.1,-16.3,-12.4,106.9,-12.7,-10.6,76.9,-17.8,-18.8,114.8,,,81.0,-35.9,-30.7,80.6,-25.0,-23.7,102.3,-3.9,-3.7,96.5,-18.1,-15.8,121.3,-11.0,-8.3,80.9,-13.2,-14.0,84.0,-4.9,-5.5,83.1,,
"2019.03",96.1,-22.5,-19.0,98.8,-27.4,-21.7,100.7,-37.1,-26.9,99.6,-10.8,-9.8,97.5,-25.5,-20.7,93.4,-15.4,-14.2,90.5,-12.5,-12.1,97.1,-26.5,-21.4,112.4,-15.1,-11.8,115.2,-6.1,-5.0,87.3,-7.8,-8.2,106.5,,,90.9,-16.1,-15.0,89.8,-14.2,-13.7,101.1,-6.0,-5.6,88.0,-19.7,-18.3,114.2,-16.3,-12.5,74.9,-19.9,-21.0,81.4,-14.5,-15.1,74.5,,
"2019.04",91.9,-18.1,-16.5,96.5,-19.9,-17.1,97.9,-28.6,-22.6,99.1,-4.2,-4.1,95.0,-18.4,-16.2,87.4,-14.7,-14.4,85.5,-10.3,-10.8,92.2,-25.8,-21.9,109.6,-15.2,-12.2,115.9,-1.9,-1.6,86.9,2.8,3.3,106.1,,,84.4,-9.8,-10.4,78.6,-14.8,-15.8,102.4,-3.7,-3.5,80.6,-19.9,-19.8,113.5,-14.1,-11.1,68.0,-20.8,-23.4,68.8,-20.2,-22.7,59.2,,
"2019.05",97.3,-11.8,-10.8,102.1,-13.8,-11.9,108.5,-19.6,-15.3,98.0,-5.5,-5.3,99.4,-12.3,-11.0,91.9,-8.5,-8.5,89.6,-2.9,-3.1,98.6,-17.1,-14.8,110.7,-14.9,-11.9,114.6,-0.2,-0.2,89.9,6.7,8.1,99.3,,,87.1,-1.3,-1.5,84.9,-12.5,-12.8,103.1,4.5,4.6,84.3,-17.3,-17.0,113.1,-14.4,-11.3,72.4,-16.1,-18.2,78.5,-9.1,-10.4,74.3,,
"2019.06",106.9,1.0,0.9,114.2,3.6,3.3,128.3,6.7,5.5,105.1,4.6,4.6,108.2,1.8,1.7,98.3,-1.2,-1.2,94.9,4.6,5.1,111.1,-6.5,-5.5,100.0,-28.9,-22.4,114.2,8.0,7.5,93.7,11.8,14.4,109.6,,,81.8,-8.0,-8.9,93.8,-8.6,-8.4,102.7,-1.0,-1.0,100.2,3.2,3.3,118.4,-0.2,-0.2,92.0,10.0,12.2,86.5,-1.7,-1.9,87.1,,
"2019.07",111.3,3.2,3.0,121.0,5.9,5.1,137.8,7.5,5.8,109.6,9.1,9.1,113.8,4.3,3.9,99.9,1.1,1.1,93.7,0.2,0.2,114.8,0.6,0.5,108.0,-23.2,-17.7,122.3,11.4,10.3,99.1,21.7,28.0,115.5,,,86.6,-2.1,-2.4,89.2,-10.3,-10.4,100.6,0.9,0.9,102.4,5.8,6.0,119.0,1.4,1.2,93.1,13.1,16.4,88.1,3.3,3.9,88.0,,
"2019.08",112.3,-8.0,-6.7,120.8,-13.1,-9.8,134.1,-21.8,-14.0,107.7,-0.8,-0.7,116.0,-10.8,-8.5,102.6,0.3,0.3,98.1,2.7,2.8,116.5,-9.2,-7.3,108.8,-25.5,-19.0,127.0,13.6,12.0,104.3,25.4,32.2,112.3,,,86.7,-4.7,-5.1,93.6,-4.5,-4.6,101.1,-4.4,-4.2,103.2,5.7,5.8,124.8,0.4,0.3,99.1,16.2,19.5,87.2,-0.3,-0.3,90.2,,
"2019.09",117.1,-4.9,-4.0,125.2,-9.0,-6.7,138.6,-8.4,-5.7,120.3,2.9,2.5,118.5,-11.9,-9.1,107.7,1.4,1.3,106.1,5.9,5.9,117.7,-10.7,-8.3,106.5,-42.2,-28.4,134.7,19.3,16.7,107.9,23.9,28.5,110.1,,,87.6,-16.4,-15.8,107.6,15.5,16.8,109.4,2.5,2.3,111.0,1.7,1.6,125.0,-5.6,-4.3,101.1,16.0,18.8,92.4,5.1,5.8,84.3,,
"2019.10",123.0,10.6,9.4,133.6,13.0,10.8,151.0,23.0,18.0,125.3,14.5,13.1,125.5,5.2,4.3,110.8,7.8,7.6,107.8,11.7,12.2,122.5,-0.2,-0.2,110.3,-36.0,-24.6,144.2,19.5,15.6,120.9,38.7,47.1,114.8,,,83.3,-11.8,-12.4,108.9,20.8,23.6,112.9,8.4,8.0,111.7,9.0,8.8,125.5,-6.4,-4.9,103.4,23.3,29.1,94.7,12.1,14.6,83.5,,
"2019.11",127.1,23.8,23.0,135.3,25.1,22.8,150.8,32.2,27.2,122.0,19.4,18.9,129.3,22.3,20.8,117.5,22.2,23.3,129.7,40.1,44.8,124.0,10.3,9.1,107.3,-24.4,-18.5,144.0,33.2,30.0,125.4,52.6,72.3,140.6,,,84.9,-4.6,-5.1,109.9,23.9,27.8,115.8,20.5,21.5,110.9,14.2,14.7,123.5,-3.7,-2.9,101.9,27.3,36.6,108.5,30.8,39.6,81.8,,
"2019.12",127.3,30.1,31.0,132.8,32.1,31.9,144.6,39.7,37.8,120.1,25.2,26.6,128.8,29.3,29.4,120.6,27.0,28.8,121.4,30.2,33.1,131.8,25.0,23.4,109.3,-14.3,-11.6,148.4,46.2,45.2,125.6,55.7,79.7,161.9,50.9,45.9,94.7,13.5,16.6,114.9,37.0,47.5,127.5,30.0,30.8,114.6,18.9,19.7,122.4,7.6,6.6,99.5,15.0,17.8,117.3,37.7,47.4,96.5,9.6,11.0
"2020.01",123.0,27.5,28.8,128.3,29.6,30.0,124.5,24.0,23.9,124.0,26.9,27.7,131.4,33.3,33.9,117.1,24.4,26.3,111.7,17.3,18.3,123.7,21.5,21.0,114.6,0.2,0.2,138.7,32.2,30.2,125.1,57.9,86.2,152.2,32.9,27.6,108.4,31.2,40.4,109.8,35.2,47.2,122.7,22.7,22.7,116.1,22.4,23.9,122.3,1.4,1.2,104.3,25.2,31.9,114.6,35.8,45.4,92.7,9.4,11.3
"2020.02",127.6,29.7,30.3,135.7,34.2,33.7,131.5,29.4,28.8,140.2,40.4,40.5,137.1,35.5,34.9,119.1,24.4,25.8,110.9,17.6,18.9,123.1,19.5,18.8,121.1,6.0,5.2,139.1,32.2,30.1,129.8,52.9,68.8,151.1,36.3,31.6,118.6,37.6,46.4,112.5,31.9,39.6,124.7,22.4,21.9,121.5,25.0,25.9,124.2,2.9,2.4,112.6,31.7,39.2,116.2,32.2,38.3,91.7,8.6,10.3
"2020.03",115.6,19.5,20.3,121.5,22.7,23.0,117.6,16.9,16.8,131.3,31.7,31.8,121.6,24.1,24.7,109.4,16.0,17.1,103.4,12.9,14.3,109.2,12.1,12.5,105.5,-6.9,-6.1,129.6,14.4,12.5,105.6,18.3,21.0,128.6,22.1,20.8,110.0,19.1,21.0,107.0,17.2,19.2,120.5,19.4,19.2,114.2,26.2,29.8,120.3,6.1,5.3,102.1,27.2,36.3,106.0,24.6,30.2,100.9,26.4,35.4
"2020.04",108.5,16.6,18.1,110.9,14.4,14.9,105.0,7.1,7.3,120.8,21.7,21.9,112.2,17.2,18.1,106.5,19.1,21.9,100.0,14.5,17.0,105.3,13.1,14.2,105.8,-3.8,-3.5,122.8,6.9,6.0,108.6,21.7,25.0,119.8,13.7,12.9,107.5,23.1,27.4,112.2,33.6,42.7,114.6,12.2,11.9,109.4,28.8,35.7,125.4,11.9,10.5,98.8,30.8,45.3,97.0,28.2,41.0,91.5,32.3,54.6
"2020.05",118.5,21.2,21.8,120.6,18.5,18.1,121.5,13.0,12.0,127.2,29.2,29.8,118.6,19.2,19.3,116.6,24.7,26.9,107.6,18.0,20.1,116.3,17.7,18.0,109.9,-0.8,-0.7,137.4,22.8,19.9,111.5,21.6,24.0,141.5,42.2,42.5,117.2,30.1,34.6,138.7,53.8,63.4,123.4,20.3,19.7,121.7,37.4,44.4,128.4,15.3,13.5,106.7,34.3,47.4,112.3,33.8,43.1,86.4,12.1,16.3
"2020.06",133.8,26.9,25.2,140.9,26.7,23.4,150.1,21.8,17.0,127.8,22.7,21.6,138.4,30.2,27.9,125.4,27.1,27.6,123.8,28.9,30.5,133.3,22.2,20.0,113.9,13.9,13.9,139.5,25.3,22.2,128.6,34.9,37.2,151.3,41.7,38.0,122.6,40.8,49.9,134.8,41.0,43.7,137.8,35.1,34.2,118.0,17.8,17.8,120.7,2.3,1.9,116.0,24.0,26.1,123.0,36.5,42.2,93.5,6.4,7.3
"2020.07",129.5,18.2,16.4,137.9,16.9,14.0,155.5,17.7,12.8,112.3,2.7,2.5,133.3,19.5,17.1,119.3,19.4,19.4,111.6,17.9,19.1,132.8,18.0,15.7,110.3,2.3,2.1,128.7,6.4,5.2,124.9,25.8,26.0,176.7,61.2,53.0,119.1,32.5,37.5,111.6,22.4,25.1,123.3,22.7,22.6,118.3,15.9,15.5,123.9,4.9,4.1,112.8,19.7,21.2,116.2,28.1,31.9,100.2,12.2,13.9
"2020.08",123.5,11.2,10.0,127.8,7.0,5.8,137.5,3.4,2.5,112.1,4.4,4.1,125.7,9.7,8.4,118.1,15.5,15.1,112.3,14.2,14.5,135.5,19.0,16.3,110.6,1.8,1.7,126.0,-1.0,-0.8,121.8,17.5,16.8,165.0,52.7,46.9,113.3,26.6,30.7,106.2,12.6,13.5,133.9,32.8,32.4,121.3,18.1,17.5,124.4,-0.4,-0.3,106.3,7.2,7.3,110.2,23.0,26.4,98.1,7.9,8.8
"2020.09",123.4,6.3,5.4,123.7,-1.5,-1.2,129.5,-9.1,-6.6,115.0,-5.3,-4.4,122.3,3.8,3.2,122.9,15.2,14.1,121.4,15.3,14.4,135.2,17.5,14.9,119.1,12.6,11.8,125.1,-9.6,-7.1,131.8,23.9,22.2,139.7,29.6,26.9,121.7,34.1,38.9,116.1,8.5,7.9,134.9,25.5,23.3,118.4,7.4,6.7,128.0,3.0,2.4,110.8,9.7,9.6,118.2,25.8,27.9,105.7,21.4,25.4
"2020.10",132.4,9.4,7.6,129.9,-3.7,-2.8,131.4,-19.6,-13.0,116.1,-9.2,-7.3,132.0,6.5,5.2,135.0,24.2,21.8,145.5,37.7,35.0,149.9,27.4,22.4,131.5,21.2,19.2,132.0,-12.2,-8.5,152.7,31.8,26.3,129.2,14.4,12.5,129.4,46.1,55.3,121.3,12.4,11.4,141.5,28.6,25.3,125.4,13.7,12.3,128.2,2.7,2.2,125.3,21.9,21.2,131.2,36.5,38.5,111.6,28.1,33.7
"2020.11",141.1,14.0,11.0,138.1,2.8,2.1,138.8,-12.0,-8.0,127.2,5.2,4.3,140.0,10.7,8.3,144.3,26.8,22.8,153.4,23.7,18.3,159.5,35.5,28.6,145.2,37.9,35.3,138.6,-5.4,-3.8,166.8,41.4,33.0,147.3,6.7,4.8,137.5,52.6,62.0,131.2,21.3,19.4,137.2,21.4,18.5,132.9,22.0,19.8,132.7,9.2,7.4,144.9,43.0,42.2,142.6,34.1,31.4,120.2,38.4,46.9
"2020.12",139.6,12.3,9.7,143.0,10.2,7.7,141.8,-2.8,-1.9,135.5,15.4,12.8,145.3,16.5,12.8,135.9,15.3,12.7,126.7,5.3,4.4,150.7,18.9,14.3,132.8,23.5,21.5,142.2,-6.2,-4.2,150.8,25.2,20.1,143.1,-18.8,-11.6,137.2,42.5,44.9,126.1,11.2,9.7,145.1,17.6,13.8,138.3,23.7,20.7,129.1,6.7,5.5,148.7,49.2,49.4,132.7,15.4,13.1,119.2,22.7,23.5
"2021.01",138.3,15.3,12.4,144.4,16.1,12.5,142.8,18.3,14.7,140.4,16.4,13.2,146.1,14.7,11.2,131.2,14.1,12.0,121.7,10.0,9.0,137.1,13.4,10.8,128.4,13.8,12.0,142.9,4.2,3.0,128.6,3.5,2.8,136.2,-16.0,-10.5,149.9,41.5,38.3,134.2,24.4,22.2,146.7,24.0,19.6,130.4,14.3,12.3,131.0,8.7,7.1,129.1,24.8,23.8,124.2,9.6,8.4,126.9,34.2,36.9
"2021.02",135.5,7.9,6.2,143.0,7.3,5.4,140.8,9.3,7.1,149.7,9.5,6.8,142.9,5.8,4.2,127.9,8.8,7.4,122.9,12.0,10.8,129.8,6.7,5.4,126.2,5.1,4.2,137.2,-1.9,-1.4,121.8,-8.0,-6.2,118.9,-32.2,-21.3,134.8,16.2,13.7,136.4,23.9,21.2,143.2,18.5,14.8,139.1,17.6,14.5,122.1,-2.1,-1.7,128.2,15.6,13.9,121.1,4.9,4.2,117.4,25.7,28.0
"2021.03",131.6,16.0,13.8,135.5,14.0,11.5,129.0,11.4,9.7,145.8,14.5,11.0,137.0,15.4,12.7,127.9,18.5,16.9,124.7,21.3,20.6,124.6,15.4,14.1,133.9,28.4,26.9,134.7,5.1,3.9,120.1,14.5,13.7,96.4,-32.2,-25.0,142.8,32.8,29.8,133.0,26.0,24.3,149.3,28.8,23.9,135.9,21.7,19.0,121.6,1.3,1.1,129.8,27.7,27.1,122.7,16.7,15.8,122.5,21.6,21.4
"2021.04",128.4,19.9,18.3,133.1,22.2,20.0,129.8,24.8,23.6,142.9,22.1,18.3,132.9,20.7,18.4,124.0,17.5,16.4,123.9,23.9,23.9,117.5,12.2,11.6,119.2,13.4,12.7,133.9,11.1,9.0,110.8,2.2,2.0,99.8,-20.0,-16.7,136.4,28.9,26.9,129.4,17.2,15.3,138.4,23.8,20.8,134.0,24.6,22.5,116.2,-9.2,-7.3,129.3,30.5,30.9,121.3,24.3,25.1,126.3,34.8,38.0
"2021.05",133.8,15.3,12.9,139.5,18.9,15.7,137.8,16.3,13.4,149.5,22.3,17.5,138.3,19.7,16.6,128.0,11.4,9.8,130.9,23.3,21.7,126.4,10.1,8.7,124.4,14.5,13.2,136.6,-0.8,-0.6,110.2,-1.3,-1.2,109.3,-32.2,-22.8,136.7,19.5,16.6,135.0,-3.7,-2.7,130.5,7.1,5.8,145.6,23.9,19.6,117.6,-10.8,-8.4,127.1,20.4,19.1,126.0,13.7,12.2,125.9,39.5,45.7
"2021.06",137.7,3.9,2.9,143.2,2.3,1.6,141.6,-8.5,-5.7,150.8,23.0,18.0,142.6,4.2,3.0,132.1,6.7,5.3,134.5,10.7,8.6,120.9,-12.4,-9.3,131.6,17.7,15.5,145.2,5.7,4.1,124.6,-4.0,-3.1,101.2,-50.1,-33.1,148.3,25.7,21.0,137.7,2.9,2.2,139.1,1.3,0.9,140.2,22.2,18.8,116.7,-4.0,-3.3,129.3,13.3,11.5,132.8,9.8,8.0,144.3,50.8,54.3
"2021.07",139.9,10.4,8.0,146.3,8.4,6.1,145.7,-9.8,-6.3,147.7,35.4,31.5,146.3,13.0,9.8,133.3,14.0,11.7,134.4,22.8,20.4,116.8,-16.0,-12.0,145.5,35.2,31.9,143.3,14.6,11.3,125.3,0.4,0.3,103.6,-73.1,-41.4,151.0,31.9,26.8,138.6,27.0,24.2,141.4,18.1,14.7,143.8,25.5,21.6,118.7,-5.2,-4.2,124.6,11.8,10.5,138.6,22.4,19.3,138.4,38.2,38.1
"2021.08",141.4,17.9,14.5,148.4,20.6,16.1,148.9,11.4,8.3,153.9,41.8,37.3,146.8,21.1,16.8,134.2,16.1,13.6,137.5,25.2,22.4,112.5,-23.0,-17.0,140.9,30.3,27.4,141.7,15.7,12.5,134.9,13.1,10.8,104.1,-60.9,-36.9,150.1,36.8,32.5,137.7,31.5,29.7,144.6,10.7,8.0,142.5,21.2,17.5,120.2,-4.2,-3.4,135.9,29.6,27.8,142.9,32.7,29.7,129.3,31.2,31.8
"2021.09",139.3,15.9,12.9,142.7,19.0,15.4,142.8,13.3,10.3,146.4,31.4,27.3,141.8,19.5,15.9,135.8,12.9,10.5,134.9,13.5,11.1,111.5,-23.7,-17.5,144.4,25.3,21.2,142.3,17.2,13.7,130.9,-0.9,-0.7,101.9,-37.8,-27.1,157.2,35.5,29.2,138.6,22.5,19.4,154.6,19.7,14.6,143.3,24.9,21.0,127.9,-0.1,-0.1,139.1,28.3,25.5,144.8,26.6,22.5,144.9,39.2,37.1
"2021.10",129.7,-2.7,-2.0,130.3,0.4,0.3,128.7,-2.7,-2.1,134.9,18.8,16.2,130.3,-1.7,-1.3,129.7,-5.3,-3.9,125.6,-19.9,-13.7,108.5,-41.4,-27.6,143.5,12.0,9.1,135.2,3.2,2.4,120.4,-32.3,-21.2,101.7,-27.5,-21.3,152.1,22.7,17.5,135.3,14.0,11.5,139.8,-1.7,-1.2,139.1,13.7,10.9,121.7,-6.5,-5.1,139.0,13.7,10.9,133.7,2.5,1.9,138.4,26.8,24.0
"2021.11",119.5,-21.6,-15.3,118.8,-19.3,-14.0,118.8,-20.0,-14.4,115.6,-11.6,-9.1,119.5,-20.5,-14.6,120.1,-24.2,-16.8,117.7,-35.7,-23.3,105.9,-53.6,-33.6,128.4,-16.8,-11.6,111.0,-27.6,-19.9,114.0,-52.8,-31.7,94.9,-52.4,-35.6,140.4,2.9,2.1,127.6,-3.6,-2.7,128.6,-8.6,-6.3,130.2,-2.7,-2.0,112.9,-19.8,-14.9,117.8,-27.1,-18.7,132.8,-9.8,-6.9,127.1,6.9,5.7
"2021.12",109.4,-30.2,-21.6,108.8,-34.2,-23.9,108.1,-33.7,-23.8,109.6,-25.9,-19.1,109.1,-36.2,-24.9,110.3,-25.6,-18.8,105.0,-21.7,-17.1,95.0,-55.7,-37.0,120.5,-12.3,-9.3,108.9,-33.3,-23.4,100.7,-50.1,-33.2,77.3,-65.8,-46.0,123.7,-13.5,-9.8,120.0,-6.1,-4.8,124.0,-21.1,-14.5,125.3,-13.0,-9.4,104.8,-24.3,-18.8,110.8,-37.9,-25.5,120.0,-12.7,-9.6,120.8,1.6,1.3
"2022.01",105.8,-32.5,-23.5,105.3,-39.1,-27.1,105.3,-37.5,-26.3,104.0,-36.4,-25.9,105.6,-40.5,-27.7,106.2,-25.0,-19.1,105.2,-16.5,-13.6,92.2,-44.9,-32.7,113.5,-14.9,-11.6,111.5,-31.4,-22.0,97.2,-31.4,-24.4,74.5,-61.7,-45.3,118.7,-31.2,-20.8,115.8,-18.4,-13.7,111.8,-34.9,-23.8,111.9,-18.5,-14.2,101.7,-29.3,-22.4,108.6,-20.5,-15.9,114.1,-10.1,-8.1,111.9,-15.0,-11.8
"2022.02",108.5,-27.0,-19.9,108.1,-34.9,-24.4,105.9,-34.9,-24.8,114.2,-35.5,-23.7,108.0,-34.9,-24.4,109.2,-18.7,-14.6,106.0,-16.9,-13.8,101.2,-28.6,-22.0,116.3,-9.9,-7.8,102.5,-34.7,-25.3,100.9,-20.9,-17.2,89.1,-29.8,-25.1,114.6,-20.2,-15.0,114.8,-21.6,-15.8,112.3,-30.9,-21.6,122.9,-16.2,-11.6,107.7,-14.4,-11.8,109.7,-18.5,-14.4,119.7,-1.4,-1.2,116.0,-1.4,-1.2
"2022.03",113.1,-18.5,-14.1,113.5,-22.0,-16.2,115.5,-13.5,-10.5,110.2,-35.6,-24.4,113.1,-23.9,-17.4,112.5,-15.4,-12.0,110.9,-13.8,-11.1,100.7,-23.9,-19.2,120.6,-13.3,-9.9,109.5,-25.2,-18.7,104.0,-16.1,-13.4,104.7,8.3,8.6,108.5,-34.3,-24.0,122.2,-10.8,-8.1,114.9,-34.4,-23.0,125.3,-10.6,-7.8,105.5,-16.1,-13.2,108.9,-20.9,-16.1,116.3,-6.4,-5.2,128.2,5.7,4.7
"2022.04",116.0,-12.4,-9.7,117.0,-16.1,-12.1,123.7,-6.1,-4.7,105.7,-37.2,-26.0,115.6,-17.3,-13.0,114.5,-9.5,-7.7,114.2,-9.7,-7.8,97.4,-20.1,-17.1,123.1,3.9,3.3,114.9,-19.0,-14.2,110.6,-0.2,-0.2,105.3,5.5,5.5,113.3,-23.1,-16.9,118.3,-11.1,-8.6,121.9,-16.5,-11.9,125.0,-9.0,-6.7,114.6,-1.6,-1.4,109.2,-20.1,-15.5,117.8,-3.5,-2.9,124.0,-2.3,-1.8
"2022.05",109.4,-24.4,-18.2,108.9,-30.6,-21.9,112.9,-24.9,-18.1,101.7,-47.8,-32.0,108.1,-30.2,-21.8,109.5,-18.5,-14.5,109.1,-21.8,-16.7,88.8,-37.6,-29.7,120.7,-3.7,-3.0,100.8,-35.8,-26.2,103.0,-7.2,-6.5,87.6,-21.7,-19.9,120.9,-15.8,-11.6,122.5,-12.5,-9.3,108.8,-21.7,-16.6,128.6,-17.0,-11.7,114.5,-3.1,-2.6,104.4,-22.7,-17.9,110.3,-15.7,-12.5,128.3,2.4,1.9
"2022.06",103.0,-34.7,-25.2,101.0,-42.2,-29.5,103.4,-38.2,-27.0,94.8,-56.0,-37.1,100.9,-41.7,-29.2,104.8,-27.3,-20.7,99.4,-35.1,-26.1,90.8,-30.1,-24.9,114.2,-17.4,-13.2,95.4,-49.8,-34.3,103.2,-21.4,-17.2,83.6,-17.6,-17.4,115.8,-32.5,-21.9,112.1,-25.6,-18.6,116.3,-22.8,-16.4,121.9,-18.3,-13.1,104.0,-12.7,-10.9,103.6,-25.7,-19.9,106.3,-26.5,-20.0,123.4,-20.9,-14.5
"2022.07",95.2,-44.7,-32.0,92.7,-53.6,-36.6,94.1,-51.6,-35.4,90.5,-57.2,-38.7,92.4,-53.9,-36.8,97.3,-36.0,-27.0,90.7,-43.7,-32.5,82.9,-33.9,-29.0,97.7,-47.8,-32.9,94.4,-48.9,-34.1,94.4,-30.9,-24.7,81.3,-22.3,-21.5,109.4,-41.6,-27.5,106.0,-32.6,-23.5,103.9,-37.5,-26.5,108.6,-35.2,-24.5,107.4,-11.3,-9.5,98.4,-26.2,-21.0,102.5,-36.1,-26.0,109.4,-29.0,-21.0
"2022.08",89.9,-51.5,-36.4,87.6,-60.8,-41.0,87.5,-61.4,-41.2,85.7,-68.2,-44.3,88.0,-58.8,-40.1,92.5,-41.7,-31.1,91.1,-46.4,-33.7,83.1,-29.4,-26.1,92.7,-48.2,-34.2,90.1,-51.6,-36.4,82.7,-52.2,-38.7,68.2,-35.9,-34.5,95.4,-54.7,-36.4,96.4,-41.3,-30.0,91.7,-52.9,-36.6,105.9,-36.6,-25.7,97.7,-22.5,-18.7,99.1,-36.8,-27.1,96.4,-46.5,-32.5,109.0,-20.3,-15.7
"2022.09",90.1,-49.2,-35.3,89.0,-53.7,-37.6,91.1,-51.7,-36.2,84.5,-61.9,-42.3,88.8,-53.0,-37.4,91.2,-44.6,-32.8,87.5,-47.4,-35.1,83.5,-28.0,-25.1,84.7,-59.7,-41.3,93.7,-48.6,-34.2,89.0,-41.9,-32.0,83.1,-18.8,-18.4,91.7,-65.5,-41.7,101.8,-36.8,-26.6,101.4,-53.2,-34.4,103.4,-39.9,-27.8,92.1,-35.8,-28.0,89.5,-49.6,-35.7,90.3,-54.5,-37.6,94.1,-50.8,-35.1
"2022.10",83.5,-46.2,-35.6,82.5,-47.8,-36.7,83.3,-45.4,-35.3,82.5,-52.4,-38.8,82.1,-48.2,-37.0,84.6,-45.1,-34.8,78.0,-47.6,-37.9,78.2,-30.3,-27.9,83.2,-60.3,-42.0,82.4,-52.8,-39.1,81.9,-38.5,-32.0,67.1,-34.6,-34.0,87.2,-64.9,-42.7,93.6,-41.7,-30.8,98.0,-41.8,-29.9,97.8,-41.3,-29.7,86.0,-35.7,-29.3,85.4,-53.6,-38.6,84.8,-48.9,-36.6,97.4,-41.0,-29.6
"2022.11",84.0,-35.5,-29.7,81.9,-36.9,-31.1,79.1,-39.7,-33.4,86.2,-29.4,-25.4,82.6,-36.9,-30.9,86.1,-34.0,-28.3,82.3,-35.4,-30.1,76.1,-29.8,-28.1,81.8,-46.6,-36.3,88.7,-22.3,-20.1,85.5,-28.5,-25.0,78.2,-16.7,-17.6,90.0,-50.4,-35.9,95.8,-31.8,-24.9,93.3,-35.3,-27.4,90.8,-39.4,-30.3,76.1,-36.8,-32.6,84.5,-33.3,-28.3,95.6,-37.2,-28.0,93.7,-33.4,-26.3
"2022.12",82.7,-26.7,-24.4,82.8,-26.0,-23.9,82.1,-26.0,-24.1,78.7,-30.9,-28.2,84.1,-25.0,-22.9,82.6,-27.7,-25.1,78.5,-26.5,-25.2,73.0,-22.0,-23.2,76.8,-43.7,-36.3,83.3,-25.6,-23.5,80.7,-20.0,-19.9,83.0,5.7,7.4,80.4,-43.3,-35.0,86.2,-33.8,-28.2,93.9,-30.1,-24.3,85.8,-39.5,-31.5,80.6,-24.2,-23.1,81.8,-29.0,-26.2,91.4,-28.6,-23.8,92.1,-28.7,-23.8
"2023.01",91.5,-14.3,-13.5,92.7,-12.6,-12.0,93.8,-11.5,-10.9,92.6,-11.4,-11.0,92.1,-13.5,-12.8,90.3,-15.9,-15.0,86.1,-19.1,-18.2,84.6,-7.6,-8.2,87.5,-26.0,-22.9,96.9,-14.6,-13.1,90.8,-6.4,-6.6,92.6,18.1,24.3,101.3,-17.4,-14.7,91.8,-24.0,-20.7,96.8,-15.0,-13.4,84.2,-27.7,-24.8,89.1,-12.6,-12.4,86.0,-22.6,-20.8,93.8,-20.3,-17.8,100.2,-11.7,-10.5
"2023.02",102.1,-6.4,-5.9,104.3,-3.8,-3.5,105.2,-0.7,-0.7,105.3,-8.9,-7.8,103.5,-4.5,-4.2,99.9,-9.3,-8.5,94.3,-11.7,-11.0,95.0,-6.2,-6.1,96.7,-19.6,-16.9,102.8,0.3,0.3,105.2,4.3,4.3,114.0,24.9,27.9,102.1,-12.5,-10.9,107.6,-7.2,-6.3,99.8,-12.5,-11.1,93.7,-29.2,-23.8,91.1,-16.6,-15.4,97.6,-12.1,-11.0,105.3,-14.4,-12.0,111.8,-4.2,-3.6
"2023.03",103.6,-9.5,-8.4,106.7,-6.8,-6.0,109.0,-6.5,-5.6,102.9,-7.3,-6.6,106.1,-7.0,-6.2,100.2,-12.3,-10.9,95.2,-15.7,-14.2,95.9,-4.8,-4.8,98.2,-22.4,-18.6,103.5,-6.0,-5.5,104.1,0.1,0.1,109.0,4.3,4.1,111.3,2.8,2.6,97.9,-24.3,-19.9,100.5,-14.4,-12.5,100.8,-24.5,-19.6,106.5,1.0,0.9,95.0,-13.9,-12.8,107.8,-8.5,-7.3,98.1,-30.1,-23.5
