"날짜","종가","시가","고가","저가","거래량","변동 %"
"2023- 05- 03","317.29","319.75","322.47","317.18","58.00M","-0.65%"
"2023- 05- 02","319.38","322.12","322.45","317.61","55.70M","-0.87%"
"2023- 05- 01","322.19","322.09","323.63","321.09","40.30M","-0.11%"
"2023- 04- 28","322.56","320.11","322.65","318.96","59.71M","0.69%"
"2023- 04- 27","320.35","315.70","320.86","315.05","62.64M","2.72%"
"2023- 04- 26","311.87","313.44","314.93","311.34","53.43M","0.61%"
"2023- 04- 25","309.99","314.29","314.97","309.89","54.77M","-1.89%"
"2023- 04- 24","315.95","316.38","317.74","313.74","44.04M","-0.21%"
"2023- 04- 21","316.61","315.88","317.39","314.12","59.00M","0.10%"
"2023- 04- 20","316.28","315.69","319.27","314.97","62.08M","-0.76%"
"2023- 04- 19","318.71","316.41","319.79","316.28","38.96M","-0.05%"
"2023- 04- 18","318.86","320.99","321.42","317.64","46.10M","0.01%"
"2023- 04- 17","318.84","318.15","319.20","316.04","42.55M","0.08%"
"2023- 04- 14","318.57","317.69","320.33","315.66","56.28M","-0.19%"
"2023- 04- 13","319.17","314.83","319.65","314.64","53.55M","1.96%"
"2023- 04- 12","313.04","317.82","318.42","312.57","62.44M","-0.88%"
"2023- 04- 11","315.83","317.83","317.89","315.31","39.73M","-0.64%"
"2023- 04- 10","317.87","315.07","317.92","313.25","42.29M","-0.06%"
"2023- 04- 06","318.05","314.10","318.52","312.92","46.92M","0.67%"
"2023- 04- 05","315.92","318.10","319.06","314.07","62.24M","-0.99%"
"2023- 04- 04","319.07","320.60","321.63","317.83","45.40M","-0.34%"
"2023- 04- 03","320.15","318.77","320.42","317.42","46.57M","-0.24%"
"2023- 03- 31","320.93","315.91","321.17","315.60","62.14M","1.66%"
"2023- 03- 30","315.68","315.24","316.32","312.81","57.04M","0.95%"
"2023- 03- 29","312.72","310.88","313.35","310.05","52.91M","1.82%"
"2023- 03- 28","307.12","308.17","308.20","304.77","47.93M","-0.53%"
"2023- 03- 27","308.76","311.60","312.70","307.89","49.54M","-0.69%"
"2023- 03- 24","310.89","309.32","310.99","306.95","57.25M","0.37%"
"2023- 03- 23","309.75","309.92","314.15","307.01","73.52M","1.19%"
"2023- 03- 22","306.12","310.27","315.25","305.95","74.96M","-1.36%"
"2023- 03- 21","310.34","307.94","310.80","306.39","48.78M","1.43%"
"2023- 03- 20","305.97","304.26","306.30","302.01","55.88M","0.20%"
"2023- 03- 17","305.36","306.72","309.15","303.37","89.92M","-0.47%"
"2023- 03- 16","306.81","298.00","307.18","297.19","98.56M","2.64%"
"2023- 03- 15","298.93","294.71","299.27","293.24","82.93M","0.52%"
"2023- 03- 14","297.37","294.31","297.93","293.45","73.13M","2.30%"
"2023- 03- 13","290.69","286.73","294.47","285.19","96.27M","0.74%"
"2023- 03- 10","288.55","292.83","294.35","287.38","98.59M","-1.40%"
"2023- 03- 09","292.66","298.33","300.98","291.83","70.02M","-1.73%"
"2023- 03- 08","297.82","296.77","298.43","294.88","50.88M","0.50%"
"2023- 03- 07","296.34","300.07","301.01","295.72","65.96M","-1.23%"
"2023- 03- 06","300.02","300.94","304.00","299.82","56.74M","0.11%"
"2023- 03- 03","299.68","295.42","299.90","294.89","60.51M","2.07%"
"2023- 03- 02","293.61","288.66","294.43","288.37","52.90M","0.83%"
"2023- 03- 01","291.20","293.26","293.93","290.20","57.62M","-0.80%"
"2023- 02- 28","293.56","293.30","296.12","292.96","48.24M","-0.13%"
"2023- 02- 27","293.94","295.07","296.49","293.34","49.00M","0.72%"
"2023- 02- 24","291.85","291.48","292.85","290.08","74.33M","-1.67%"
"2023- 02- 23","296.82","297.97","298.13","292.55","68.51M","0.87%"
"2023- 02- 22","294.25","294.62","296.36","292.56","50.28M","0.07%"
"2023- 02- 21","294.03","297.26","298.73","293.89","46.21M","-2.37%"
"2023- 02- 17","301.16","301.07","301.93","298.10","58.23M","-0.71%"
"2023- 02- 16","303.30","304.38","308.43","303.15","58.54M","-1.88%"
"2023- 02- 15","309.10","304.90","309.27","304.20","42.71M","0.77%"
"2023- 02- 14","306.75","302.89","307.72","300.91","63.30M","0.74%"
"2023- 02- 13","304.50","301.13","305.10","299.93","39.32M","1.60%"
"2023- 02- 10","299.70","299.48","301.57","297.25","50.05M","-0.66%"
"2023- 02- 09","301.68","308.84","308.99","300.20","48.43M","-0.88%"
"2023- 02- 08","304.37","308.54","309.50","303.67","56.24M","-1.78%"
"2023- 02- 07","309.88","303.46","311.03","302.32","66.96M","2.07%"
"2023- 02- 06","303.59","303.51","305.91","302.22","40.80M","-0.85%"
"2023- 02- 03","306.18","304.94","312.39","304.54","76.17M","-1.78%"
"2023- 02- 02","311.72","307.57","313.68","306.73","80.45M","3.59%"
"2023- 02- 01","300.92","294.41","303.43","292.30","66.07M","2.14%"
"2023- 01- 31","294.62","290.31","294.72","290.20","46.10M","1.50%"
"2023- 01- 30","290.27","292.93","294.38","289.89","49.41M","-2.02%"
"2023- 01- 27","296.26","292.00","298.26","291.88","56.44M","1.00%"
"2023- 01- 26","293.34","291.22","293.52","288.52","51.03M","1.95%"
"2023- 01- 25","287.73","283.77","288.36","281.18","50.87M","-0.22%"
"2023- 01- 24","288.37","287.31","289.55","286.78","41.72M","-0.20%"
"2023- 01- 23","288.96","283.54","290.21","282.73","52.42M","2.22%"
"2023- 01- 20","282.68","276.79","283.02","275.71","60.61M","2.74%"
"2023- 01- 19","275.15","276.22","277.38","273.89","43.47M","-0.98%"
"2023- 01- 18","277.88","283.11","284.69","277.67","46.98M","-1.30%"
"2023- 01- 17","281.54","280.77","282.85","279.58","35.88M","0.20%"
"2023- 01- 13","280.97","276.50","281.22","276.16","44.80M","0.69%"
"2023- 01- 12","279.05","278.12","280.10","273.74","60.15M","0.54%"
"2023- 01- 11","277.55","273.92","277.66","273.12","43.46M","1.73%"
"2023- 01- 10","272.83","269.49","272.94","268.97","34.83M","0.85%"
"2023- 01- 09","270.54","270.83","275.29","269.92","45.16M","0.65%"
"2023- 01- 06","268.80","263.35","269.94","260.34","54.66M","2.76%"
"2023- 01- 05","261.58","264.04","264.21","261.26","45.40M","-1.57%"
"2023- 01- 04","265.74","266.64","267.45","262.53","47.07M","0.48%"
"2023- 01- 03","264.48","268.65","270.15","262.13","41.91M","-0.68%"
"2022- 12- 30","266.28","263.62","266.41","262.29","37.86M","-0.06%"
"2022- 12- 29","266.44","262.96","267.40","262.25","45.56M","2.44%"
"2022- 12- 28","260.10","263.17","265.47","259.73","45.51M","-1.32%"
"2022- 12- 27","263.58","266.74","266.85","263.03","37.76M","-1.41%"
"2022- 12- 23","267.36","265.47","268.04","263.53","39.37M","0.22%"
"2022- 12- 22","266.76","270.38","270.51","262.45","59.13M","-2.45%"
"2022- 12- 21","273.45","270.60","274.78","269.74","44.60M","1.45%"
"2022- 12- 20","269.54","268.56","271.32","266.95","49.70M","-0.08%"
"2022- 12- 19","269.75","273.87","273.96","268.49","43.35M","-1.64%"
"2022- 12- 16","274.25","276.20","277.77","272.61","68.30M","-0.95%"
"2022- 12- 15","276.89","282.33","283.01","275.67","59.48M","-3.36%"
"2022- 12- 14","286.51","288.05","291.41","283.19","63.74M","-0.74%"
"2022- 12- 13","288.65","296.65","296.88","285.91","79.70M","1.08%"
"2022- 12- 12","285.58","282.22","285.64","281.16","35.21M","1.26%"
"2022- 12- 09","282.04","282.81","285.64","281.59","47.86M","-0.64%"
"2022- 12- 08","283.85","281.91","284.84","279.79","42.27M","1.18%"
"2022- 12- 07","280.53","280.47","282.57","278.78","44.42M","-0.41%"
"2022- 12- 06","281.68","287.48","287.62","280.26","53.94M","-2.07%"
"2022- 12- 05","287.64","290.38","291.68","286.15","40.12M","-1.68%"
"2022- 12- 02","292.55","288.54","293.45","288.36","53.58M","-0.40%"
"2022- 12- 01","293.72","293.69","295.75","290.88","51.55M","0.12%"
"2022- 11- 30","293.36","280.84","293.47","279.97","74.72M","4.56%"
"2022- 11- 29","280.57","282.94","283.35","279.17","35.62M","-0.76%"
"2022- 11- 28","282.71","284.90","286.96","281.76","38.88M","-1.47%"
"2022- 11- 25","286.92","287.19","287.91","286.42","15.50M","-0.66%"
"2022- 11- 23","288.82","285.97","289.46","285.79","46.39M","1.00%"
"2022- 11- 22","285.95","282.64","286.11","280.46","41.87M","1.44%"
"2022- 11- 21","281.89","283.40","284.58","281.04","40.08M","-1.03%"
"2022- 11- 18","284.82","287.89","287.99","282.32","53.59M","0.00%"
"2022- 11- 17","284.81","280.88","286.32","280.72","55.46M","-0.22%"
"2022- 11- 16","285.44","287.39","289.48","284.60","48.86M","-1.36%"
"2022- 11- 15","289.39","292.21","293.26","285.97","73.99M","1.38%"
"2022- 11- 14","285.44","285.86","289.21","284.44","55.08M","-0.88%"
"2022- 11- 11","287.96","282.56","288.64","281.19","66.96M","1.84%"
"2022- 11- 10","282.75","276.01","283.05","273.85","99.26M","7.38%"
"2022- 11- 09","263.32","267.76","268.56","263.03","64.86M","-2.31%"
"2022- 11- 08","269.54","269.14","272.85","265.52","63.21M","0.73%"
"2022- 11- 07","267.59","265.75","268.14","263.57","47.33M","1.10%"
"2022- 11- 04","264.68","265.53","266.61","259.08","78.31M","1.61%"
"2022- 11- 03","260.49","263.01","264.50","260.10","70.04M","-1.95%"
"2022- 11- 02","265.68","275.08","278.21","265.61","79.80M","-3.43%"
"2022- 11- 01","275.11","281.49","282.07","274.74","45.90M","-1.02%"
"2022- 10- 31","277.95","278.92","279.76","275.99","47.74M","-1.16%"
"2022- 10- 28","281.22","272.23","281.70","272.06","62.65M","3.06%"
"2022- 10- 27","272.87","276.79","278.28","272.34","57.76M","-1.82%"
"2022- 10- 26","277.93","278.46","283.98","277.43","63.90M","-2.21%"
"2022- 10- 25","284.21","279.41","284.60","277.90","59.01M","2.07%"
"2022- 10- 24","278.45","275.69","279.40","271.97","63.96M","1.10%"
"2022- 10- 21","275.42","267.98","275.97","266.82","77.90M","2.34%"
"2022- 10- 20","269.11","269.58","274.84","267.92","60.61M","-0.51%"
"2022- 10- 19","270.49","269.93","273.68","268.07","53.12M","-0.36%"
"2022- 10- 18","271.48","276.53","277.21","268.74","69.78M","0.79%"
"2022- 10- 17","269.35","266.84","270.24","266.74","64.58M","3.30%"
"2022- 10- 14","260.74","271.20","271.81","260.14","77.24M","-3.01%"
"2022- 10- 13","268.82","255.16","270.17","254.26","112.89M","2.35%"
"2022- 10- 12","262.66","263.40","265.36","261.95","50.58M","-0.03%"
"2022- 10- 11","262.75","264.70","267.63","261.03","66.52M","-1.37%"
"2022- 10- 10","266.41","269.30","269.70","263.64","60.39M","-1.00%"
"2022- 10- 07","269.10","275.02","275.15","267.74","71.35M","-3.81%"
"2022- 10- 06","279.76","280.96","284.18","279.43","53.49M","-0.79%"
"2022- 10- 05","281.98","278.28","283.81","275.42","55.77M","-0.05%"
"2022- 10- 04","282.13","278.99","282.85","278.99","66.70M","3.14%"
"2022- 10- 03","273.53","269.07","275.16","267.53","61.27M","2.35%"
"2022- 09- 30","267.26","271.03","275.19","267.10","78.48M","-1.70%"
"2022- 09- 29","271.87","275.86","276.25","268.84","81.22M","-2.88%"
"2022- 09- 28","279.94","274.46","281.25","272.95","79.65M","1.99%"
"2022- 09- 27","274.48","277.81","280.21","272.11","69.78M","0.04%"
"2022- 09- 26","274.37","275.03","279.49","273.56","71.18M","-0.41%"
"2022- 09- 23","275.51","277.55","277.85","272.02","74.82M","-1.63%"
"2022- 09- 22","280.07","282.00","283.03","278.82","62.76M","-1.23%"
"2022- 09- 21","283.56","289.59","293.95","283.42","82.93M","-1.79%"
"2022- 09- 20","288.73","288.49","291.07","286.38","51.27M","-0.80%"
"2022- 09- 19","291.05","286.10","291.21","286.04","52.61M","0.60%"
"2022- 09- 16","289.32","287.72","289.72","285.62","79.92M","-0.61%"
"2022- 09- 15","291.10","294.07","296.53","289.46","65.30M","-1.67%"
"2022- 09- 14","296.03","294.86","296.93","293.06","54.91M","0.79%"
"2022- 09- 13","293.70","301.80","303.02","292.79","79.56M","-5.48%"
"2022- 09- 12","310.74","308.50","311.08","308.18","45.91M","1.19%"
"2022- 09- 09","307.09","302.83","307.60","300.52","56.13M","2.19%"
"2022- 09- 08","300.52","296.85","301.87","295.45","55.65M","0.52%"
"2022- 09- 07","298.97","293.54","299.99","293.27","49.26M","2.02%"
"2022- 09- 06","293.05","295.66","296.60","290.87","57.01M","-0.72%"
"2022- 09- 02","295.17","302.34","303.75","293.52","64.67M","-1.41%"
"2022- 09- 01","299.40","296.72","299.78","292.95","57.99M","0.04%"
"2022- 08- 31","299.27","303.99","304.91","299.16","50.04M","-0.58%"
"2022- 08- 30","301.02","306.10","306.73","298.44","51.18M","-1.11%"
"2022- 08- 29","304.41","304.62","307.22","303.28","48.32M","-0.99%"
"2022- 08- 26","307.44","320.28","321.51","307.35","69.05M","-4.10%"
"2022- 08- 25","320.58","316.83","320.60","315.76","38.10M","1.77%"
"2022- 08- 24","315.01","313.61","316.87","312.99","38.06M","0.29%"
"2022- 08- 23","314.10","314.12","317.00","313.33","39.50M","-0.08%"
"2022- 08- 22","314.36","318.50","318.74","313.53","51.10M","-2.63%"
"2022- 08- 19","322.86","326.17","326.84","322.08","51.77M","-1.95%"
"2022- 08- 18","329.28","328.44","330.49","326.79","41.94M","0.24%"
"2022- 08- 17","328.49","329.07","331.43","326.36","47.84M","-1.14%"
"2022- 08- 16","332.28","332.05","334.42","329.16","41.19M","-0.23%"
"2022- 08- 15","333.06","329.42","333.57","329.40","38.27M","0.81%"
"2022- 08- 12","330.39","326.17","330.58","325.10","40.93M","1.95%"
"2022- 08- 11","324.08","328.30","330.36","323.36","45.90M","-0.57%"
"2022- 08- 10","325.93","324.59","326.23","322.06","51.46M","2.79%"
"2022- 08- 09","317.08","318.77","319.03","315.42","39.76M","-1.13%"
"2022- 08- 08","320.71","322.69","326.47","319.21","44.07M","-0.32%"
"2022- 08- 05","321.75","319.19","323.83","318.39","53.89M","-0.82%"
"2022- 08- 04","324.40","322.97","324.72","320.77","38.97M","0.47%"
"2022- 08- 03","322.89","316.05","323.73","315.99","53.74M","2.72%"
"2022- 08- 02","314.33","312.92","318.55","311.84","48.68M","-0.30%"
"2022- 08- 01","315.27","313.65","318.81","312.53","46.36M","-0.06%"
"2022- 07- 29","315.46","311.39","316.39","309.93","57.50M","1.82%"
"2022- 07- 28","309.81","306.59","310.40","302.74","55.14M","0.98%"
"2022- 07- 27","306.81","299.04","308.54","298.46","69.30M","4.23%"
"2022- 07- 26","294.37","298.53","298.79","293.54","50.07M","-1.96%"
"2022- 07- 25","300.27","302.02","302.50","298.22","40.58M","-0.57%"
"2022- 07- 22","301.99","306.43","308.55","300.11","57.13M","-1.75%"
"2022- 07- 21","307.38","303.50","307.43","300.78","55.05M","1.44%"
"2022- 07- 20","303.03","298.73","304.24","297.93","67.77M","1.59%"
"2022- 07- 19","298.30","293.11","298.60","291.47","55.17M","3.08%"
"2022- 07- 18","289.40","294.72","296.16","288.20","59.52M","-0.85%"
"2022- 07- 15","291.87","289.73","291.98","288.08","63.82M","1.81%"
"2022- 07- 14","286.67","282.99","287.56","279.80","63.74M","0.36%"
"2022- 07- 13","285.65","280.60","288.05","280.02","73.94M","-0.21%"
"2022- 07- 12","286.24","290.32","292.28","284.61","55.80M","-0.97%"
"2022- 07- 11","289.04","292.88","293.11","288.14","55.27M","-2.14%"
"2022- 07- 08","295.35","292.08","296.75","291.12","59.90M","0.13%"
"2022- 07- 07","294.98","289.63","295.70","289.63","56.62M","2.14%"
"2022- 07- 06","288.80","287.35","290.95","285.59","63.19M","0.64%"
"2022- 07- 05","286.96","278.31","287.08","276.75","61.83M","1.71%"
"2022- 07- 01","282.13","278.95","282.53","277.03","56.68M","0.66%"
"2022- 06- 30","280.28","280.75","283.94","275.78","79.31M","-1.24%"
"2022- 06- 29","283.80","283.40","285.34","280.84","57.30M","0.09%"
"2022- 06- 28","283.54","293.00","295.65","283.35","61.87M","-3.05%"
"2022- 06- 27","292.45","296.00","296.58","291.29","54.15M","-0.73%"
"2022- 06- 24","294.61","287.74","295.04","287.50","58.42M","3.43%"
"2022- 06- 23","284.85","283.21","285.72","280.31","57.46M","1.49%"
"2022- 06- 22","280.67","278.52","285.18","277.91","67.47M","-0.15%"
"2022- 06- 21","281.08","278.75","283.45","278.64","51.63M","2.33%"
"2022- 06- 17","274.69","272.18","277.19","270.51","82.70M","1.22%"
"2022- 06- 16","271.39","275.59","276.06","269.28","81.91M","-4.03%"
"2022- 06- 15","282.80","279.42","286.83","276.61","86.05M","2.50%"
"2022- 06- 14","275.91","277.66","278.66","273.34","64.70M","0.18%"
"2022- 06- 13","275.41","279.75","282.34","274.53","94.44M","-4.65%"
"2022- 06- 10","288.84","293.65","294.87","288.38","85.96M","-3.53%"
"2022- 06- 09","299.40","305.91","309.05","299.23","55.90M","-2.68%"
"2022- 06- 08","307.64","309.05","311.72","306.77","38.34M","-0.72%"
"2022- 06- 07","309.87","303.81","310.67","302.69","44.90M","0.86%"
"2022- 06- 06","307.22","310.75","312.35","305.62","51.79M","0.33%"
"2022- 06- 03","306.20","309.03","310.47","304.92","60.91M","-2.60%"
"2022- 06- 02","314.38","304.85","314.56","303.40","59.29M","2.74%"
"2022- 06- 01","306.00","310.47","312.65","303.73","65.34M","-0.74%"
"2022- 05- 31","308.28","309.07","311.33","304.33","60.97M","-0.27%"
"2022- 05- 27","309.10","302.54","309.25","302.42","66.99M","3.26%"
"2022- 05- 26","299.33","290.44","300.92","290.15","59.46M","2.77%"
"2022- 05- 25","291.26","285.71","293.39","285.50","67.14M","1.40%"
"2022- 05- 24","287.24","288.13","288.86","282.25","73.49M","-2.13%"
"2022- 05- 23","293.48","289.75","293.87","287.29","63.65M","1.66%"
"2022- 05- 20","288.68","293.13","293.80","280.21","91.76M","-0.31%"
"2022- 05- 19","289.58","289.29","294.39","287.58","79.92M","-0.54%"
"2022- 05- 18","291.14","301.54","302.25","289.85","79.48M","-4.91%"
"2022- 05- 17","306.17","304.45","306.56","300.55","62.72M","2.59%"
"2022- 05- 16","298.44","300.15","302.26","297.13","59.19M","-1.16%"
"2022- 05- 13","301.94","295.72","303.00","294.08","83.68M","3.71%"
"2022- 05- 12","291.15","287.45","295.75","284.94","120.91M","-0.24%"
"2022- 05- 11","291.84","298.44","304.09","290.95","140.33M","-2.97%"
"2022- 05- 10","300.76","304.51","305.76","296.57","124.12M","1.21%"
"2022- 05- 09","297.15","303.48","309.35","295.72","113.39M","-3.91%"
"2022- 05- 06","309.25","310.95","315.09","305.11","139.57M","-1.20%"
"2022- 05- 05","313.00","325.17","325.25","309.62","154.61M","-5.04%"
"2022- 05- 04","329.60","319.31","330.29","313.89","116.08M","3.38%"
"2022- 05- 03","318.82","318.50","321.17","315.98","78.19M","0.11%"
"2022- 05- 02","318.48","312.83","318.72","309.64","115.51M","1.67%"
"2022- 04- 29","313.25","323.70","327.23","312.60","91.98M","-4.50%"
"2022- 04- 28","328.01","321.85","329.89","317.52","99.45M","3.55%"
"2022- 04- 27","316.76","317.24","322.88","315.00","111.20M","-0.12%"
"2022- 04- 26","317.14","327.47","327.66","316.86","105.82M","-3.77%"
"2022- 04- 25","329.58","323.73","329.90","322.43","101.76M","1.28%"
"2022- 04- 22","325.40","334.31","335.56","324.96","82.56M","-2.62%"
"2022- 04- 21","334.15","345.19","347.87","333.20","75.80M","-2.07%"
"2022- 04- 20","341.21","347.09","347.56","339.96","65.50M","-1.46%"
"2022- 04- 19","346.26","338.03","346.85","336.98","56.52M","2.24%"
"2022- 04- 18","338.69","337.35","341.04","335.79","58.56M","0.08%"
"2022- 04- 14","338.43","346.44","346.97","338.21","73.52M","-2.29%"
"2022- 04- 13","346.35","339.80","347.43","339.06","61.37M","2.03%"
"2022- 04- 12","339.45","345.76","347.69","338.04","72.79M","-0.42%"
"2022- 04- 11","340.89","344.81","345.75","340.54","66.11M","-2.37%"
"2022- 04- 08","349.15","352.32","353.09","348.50","61.96M","-1.40%"
"2022- 04- 07","354.10","352.24","356.35","348.69","63.78M","0.24%"
"2022- 04- 06","353.26","355.65","356.78","350.56","90.08M","-2.17%"
"2022- 04- 05","361.10","367.81","368.54","359.93","62.74M","-2.22%"
"2022- 04- 04","369.30","362.71","369.31","362.44","45.95M","2.06%"
"2022- 04- 01","361.85","362.81","363.61","358.59","54.53M","-0.19%"
"2022- 03- 31","362.54","367.24","367.60","361.68","67.01M","-1.24%"
"2022- 03- 30","367.09","369.27","370.98","365.57","68.76M","-1.10%"
"2022- 03- 29","371.19","368.90","371.83","366.06","68.07M","1.72%"
"2022- 03- 28","364.91","359.34","365.01","358.07","56.83M","1.55%"
"2022- 03- 25","359.35","359.59","360.67","354.94","57.58M","-0.08%"
"2022- 03- 24","359.65","353.80","359.70","351.59","53.56M","2.22%"
"2022- 03- 23","351.83","354.01","357.66","351.77","70.62M","-1.44%"
"2022- 03- 22","356.96","350.59","357.85","350.20","63.35M","1.97%"
"2022- 03- 21","350.08","350.20","352.48","345.58","73.80M","-0.40%"
"2022- 03- 18","351.49","342.74","351.79","341.55","85.45M","2.05%"
"2022- 03- 17","344.44","338.37","344.50","337.04","67.81M","1.21%"
"2022- 03- 16","340.32","332.17","340.44","328.40","105.24M","3.71%"
"2022- 03- 15","328.15","320.88","328.95","319.23","76.47M","3.14%"
"2022- 03- 14","318.17","323.13","326.59","317.45","79.80M","-1.92%"
"2022- 03- 11","324.40","334.32","334.64","323.90","66.23M","-2.07%"
"2022- 03- 10","331.27","330.82","332.51","326.71","69.36M","-1.11%"
"2022- 03- 09","334.99","331.75","336.38","329.09","64.72M","3.60%"
"2022- 03- 08","323.35","324.05","333.21","319.94","116.15M","-0.46%"
"2022- 03- 07","324.86","337.29","338.48","324.65","89.93M","-3.69%"
"2022- 03- 04","337.30","339.84","341.31","334.92","77.01M","-1.45%"
"2022- 03- 03","342.26","349.93","350.04","340.35","71.09M","-1.43%"
"2022- 03- 02","347.22","343.08","348.59","340.24","70.61M","1.68%"
"2022- 03- 01","341.49","345.75","348.08","338.90","67.41M","-1.53%"
"2022- 02- 28","346.80","342.51","348.54","341.32","77.52M","0.30%"
"2022- 02- 25","345.77","341.31","345.98","337.39","78.84M","1.55%"
"2022- 02- 24","340.49","318.84","341.04","318.26","130.61M","3.36%"
"2022- 02- 23","329.42","341.32","342.18","329.10","86.22M","-2.56%"
"2022- 02- 22","338.08","338.49","344.04","334.35","85.97M","-1.00%"
"2022- 02- 18","341.51","346.41","346.81","339.14","80.00M","-1.14%"
"2022- 02- 17","345.45","352.74","353.46","345.02","61.80M","-2.97%"
"2022- 02- 16","356.04","353.82","357.09","350.71","58.95M","-0.03%"
"2022- 02- 15","356.13","352.91","356.37","351.82","55.39M","2.49%"
"2022- 02- 14","347.49","346.49","350.98","343.89","80.25M","0.12%"
"2022- 02- 11","347.06","358.43","360.07","345.80","101.57M","-3.17%"
"2022- 02- 10","358.43","359.52","366.49","356.54","112.47M","-2.26%"
"2022- 02- 09","366.73","363.76","366.81","362.12","55.77M","2.12%"
"2022- 02- 08","359.12","353.96","360.24","352.80","64.72M","1.12%"
"2022- 02- 07","355.13","358.62","361.05","353.84","58.20M","-0.80%"
"2022- 02- 04","358.01","354.08","361.40","351.97","86.32M","1.26%"
"2022- 02- 03","353.55","358.53","361.93","352.46","95.38M","-4.05%"
"2022- 02- 02","368.49","369.76","370.10","364.29","78.78M","0.81%"
"2022- 02- 01","365.52","364.43","366.19","359.14","74.43M","0.68%"
"2022- 01- 31","363.05","353.20","363.65","351.52","94.33M","3.20%"
"2022- 01- 28","351.80","343.03","352.02","337.95","108.17M","3.14%"
"2022- 01- 27","341.10","349.40","351.27","340.05","95.26M","-1.01%"
"2022- 01- 26","344.57","352.91","356.88","340.78","146.56M","-0.16%"
"2022- 01- 25","345.11","346.67","351.03","341.68","124.40M","-2.32%"
"2022- 01- 24","353.30","345.90","353.98","334.15","199.45M","0.46%"
"2022- 01- 21","351.69","359.47","362.18","351.40","143.39M","-2.77%"
"2022- 01- 20","361.72","369.79","373.87","361.17","88.61M","-1.30%"
"2022- 01- 19","366.48","372.15","374.69","366.21","81.79M","-1.10%"
"2022- 01- 18","370.55","374.04","376.22","369.77","75.81M","-2.49%"
"2022- 01- 14","380.01","375.07","380.35","374.86","80.12M","0.62%"
"2022- 01- 13","377.66","388.77","389.47","376.70","77.99M","-2.50%"
"2022- 01- 12","387.35","388.46","390.20","385.01","54.58M","0.40%"
"2022- 01- 11","385.82","379.36","385.99","377.22","68.30M","1.50%"
"2022- 01- 10","380.11","374.82","380.64","369.31","91.77M","0.07%"
"2022- 01- 07","379.86","384.03","385.76","378.04","72.65M","-1.08%"
"2022- 01- 06","384.02","382.42","387.35","380.13","70.81M","-0.07%"
"2022- 01- 05","384.29","394.74","395.89","384.03","75.74M","-3.07%"
"2022- 01- 04","396.47","402.24","402.28","393.29","58.03M","-1.30%"
"2022- 01- 03","401.68","399.05","401.94","396.88","40.58M","0.96%"
"2021- 12- 31","397.85","399.66","401.06","397.34","34.75M","-0.62%"
"2021- 12- 30","400.35","401.33","403.57","399.75","23.85M","-0.30%"
"2021- 12- 29","401.55","401.75","403.05","399.11","32.25M","-0.01%"
"2021- 12- 28","401.61","404.40","404.58","400.71","33.11M","-0.46%"
"2021- 12- 27","403.48","398.25","403.48","398.22","32.82M","1.65%"
"2021- 12- 23","396.92","394.31","398.42","394.14","29.60M","0.75%"
"2021- 12- 22","393.95","388.91","394.16","388.23","37.04M","1.22%"
"2021- 12- 21","389.21","384.05","389.53","380.20","48.90M","2.24%"
"2021- 12- 20","380.69","379.57","381.50","377.47","65.34M","-1.10%"
"2021- 12- 17","384.91","383.33","389.19","381.77","81.64M","-0.50%"
"2021- 12- 16","386.84","398.04","398.48","385.21","82.59M","-2.57%"
"2021- 12- 15","397.05","387.94","397.42","383.88","73.86M","2.28%"
"2021- 12- 14","388.20","387.30","390.09","383.63","75.20M","-1.04%"
"2021- 12- 13","392.26","398.00","398.33","391.88","50.17M","-1.44%"
"2021- 12- 10","398.01","396.62","398.28","393.36","52.55M","1.09%"
"2021- 12- 09","393.73","398.35","400.20","393.53","49.97M","-1.47%"
"2021- 12- 08","399.61","398.17","399.82","396.22","39.20M","0.45%"
"2021- 12- 07","397.83","393.03","398.46","392.99","56.01M","3.01%"
"2021- 12- 06","386.20","383.63","387.60","379.30","67.59M","0.80%"
"2021- 12- 03","383.13","391.31","392.34","378.90","105.35M","-1.74%"
"2021- 12- 02","389.91","385.80","391.74","384.34","84.42M","0.72%"
"2021- 12- 01","387.12","398.28","400.48","386.64","78.38M","-1.70%"
"2021- 11- 30","393.82","398.78","401.19","391.75","81.33M","-1.47%"
"2021- 11- 29","399.69","395.89","400.73","395.14","54.45M","2.17%"
"2021- 11- 26","391.20","396.11","397.54","389.77","51.53M","-1.90%"
"2021- 11- 24","398.76","394.93","399.05","392.54","46.95M","0.32%"
"2021- 11- 23","397.48","398.11","400.23","392.92","70.10M","-0.46%"
"2021- 11- 22","399.30","405.57","408.71","399.19","61.72M","-1.16%"
"2021- 11- 19","403.99","403.43","405.30","402.58","45.19M","0.56%"
"2021- 11- 18","401.75","399.73","402.27","397.45","45.72M","1.04%"
"2021- 11- 17","397.63","397.75","399.72","396.64","28.70M","0.05%"
"2021- 11- 16","397.42","393.86","397.93","393.66","27.87M","0.71%"
"2021- 11- 15","394.61","395.91","396.24","392.10","33.72M","-0.02%"
"2021- 11- 12","394.70","391.77","395.25","390.13","34.73M","1.05%"
"2021- 11- 11","390.59","392.57","392.75","390.24","32.24M","0.28%"
"2021- 11- 10","389.51","392.47","395.36","387.53","54.94M","-1.47%"
"2021- 11- 09","395.32","399.16","399.57","393.92","50.49M","-0.69%"
"2021- 11- 08","398.06","398.57","399.62","397.40","29.26M","-0.14%"
"2021- 11- 05","398.60","400.04","400.99","397.16","43.38M","0.10%"
"2021- 11- 04","398.22","394.48","399.20","393.92","40.27M","1.28%"
"2021- 11- 03","393.18","389.55","393.61","388.48","33.75M","1.06%"
"2021- 11- 02","389.05","386.80","389.54","386.75","25.14M","0.42%"
"2021- 11- 01","387.43","386.56","387.56","384.42","30.77M","0.34%"
"2021- 10- 29","386.11","381.06","386.28","380.70","37.31M","0.49%"
"2021- 10- 28","384.22","381.95","384.48","381.15","38.01M","1.11%"
"2021- 10- 27","380.00","379.58","383.15","379.31","45.76M","0.23%"
"2021- 10- 26","379.12","380.23","382.71","377.90","47.19M","0.31%"
"2021- 10- 25","377.93","375.56","378.87","373.56","32.60M","1.02%"
"2021- 10- 22","374.10","375.98","376.97","372.39","36.28M","-0.84%"
"2021- 10- 21","377.27","374.16","377.47","373.85","25.47M","0.61%"
"2021- 10- 20","374.98","375.94","376.57","373.46","31.39M","-0.13%"
"2021- 10- 19","375.47","373.75","375.52","372.70","29.09M","0.76%"
"2021- 10- 18","372.65","367.61","372.87","366.99","34.51M","1.01%"
"2021- 10- 15","368.94","367.88","369.06","366.82","40.42M","0.63%"
"2021- 10- 14","366.63","363.69","366.85","363.01","43.43M","1.84%"
"2021- 10- 13","360.00","359.51","360.69","357.43","40.12M","0.80%"
"2021- 10- 12","357.14","359.88","360.33","356.48","43.91M","-0.35%"
"2021- 10- 11","358.39","359.58","363.20","358.30","34.85M","-0.77%"
"2021- 10- 08","361.16","364.08","364.32","360.61","41.82M","-0.50%"
"2021- 10- 07","362.97","362.80","365.69","362.25","39.41M","0.92%"
"2021- 10- 06","359.67","354.08","359.95","353.15","56.81M","0.64%"
"2021- 10- 05","357.38","353.71","359.69","353.48","47.23M","1.35%"
"2021- 10- 04","352.62","358.52","358.86","350.32","76.77M","-2.10%"
"2021- 10- 01","360.18","358.60","361.25","354.38","56.38M","0.62%"
"2021- 09- 30","357.96","360.97","362.68","357.10","61.38M","-0.37%"
"2021- 09- 29","359.28","361.17","363.37","358.64","58.08M","-0.16%"
"2021- 09- 28","359.87","365.67","370.30","359.35","97.70M","-2.83%"
"2021- 09- 27","370.35","370.20","371.25","367.73","43.34M","-0.80%"
"2021- 09- 24","373.33","370.65","373.76","370.27","36.06M","0.09%"
"2021- 09- 23","372.98","370.76","374.04","370.10","44.65M","0.92%"
"2021- 09- 22","369.57","367.09","371.07","365.96","46.97M","0.93%"
"2021- 09- 21","366.15","367.58","368.81","364.99","41.93M","0.12%"
"2021- 09- 20","365.70","367.46","369.25","360.93","76.20M","-2.17%"
"2021- 09- 17","373.83","377.82","377.87","372.76","60.91M","-1.18%"
"2021- 09- 16","378.31","376.68","378.90","374.70","35.19M","0.07%"
"2021- 09- 15","378.05","375.73","378.41","373.37","34.10M","0.74%"
"2021- 09- 14","375.26","377.86","378.61","374.28","41.83M","-0.28%"
"2021- 09- 13","376.33","378.99","379.43","374.22","48.74M","-0.07%"
"2021- 09- 10","376.59","381.23","381.97","376.24","40.25M","-0.76%"
"2021- 09- 09","379.47","381.01","382.15","379.22","29.40M","-0.34%"
"2021- 09- 08","380.78","381.93","381.93","378.45","32.95M","-0.35%"
"2021- 09- 07","382.11","381.68","382.78","380.49","23.97M","0.14%"
"2021- 09- 03","381.57","379.22","381.98","379.20","24.62M","0.31%"
"2021- 09- 02","380.40","381.97","382.31","379.15","25.50M","-0.05%"
"2021- 09- 01","380.58","381.04","382.71","380.37","28.14M","0.17%"
"2021- 08- 31","379.95","380.51","380.58","378.36","29.63M","-0.08%"
"2021- 08- 30","380.26","376.85","380.76","376.83","27.30M","1.12%"
"2021- 08- 27","376.04","373.07","376.56","372.57","27.10M","0.97%"
"2021- 08- 26","372.42","373.92","374.62","371.97","29.13M","-0.63%"
"2021- 08- 25","374.80","374.63","375.39","373.86","20.44M","0.11%"
"2021- 08- 24","374.37","373.84","374.99","373.36","21.73M","0.31%"
"2021- 08- 23","373.23","368.80","373.93","368.79","34.03M","1.50%"
"2021- 08- 20","367.73","365.06","368.14","364.74","39.49M","1.04%"
"2021- 08- 19","363.96","360.22","365.68","359.96","48.50M","0.48%"
"2021- 08- 18","362.21","365.18","366.62","361.86","38.54M","-0.96%"
"2021- 08- 17","365.73","366.15","367.15","363.23","44.79M","-0.88%"
"2021- 08- 16","368.98","367.67","369.02","363.70","35.04M","0.04%"
"2021- 08- 13","368.82","367.89","369.16","367.38","19.34M","0.35%"
"2021- 08- 12","367.53","365.69","367.90","364.30","26.00M","0.36%"
"2021- 08- 11","366.21","368.14","368.65","364.84","34.25M","-0.17%"
"2021- 08- 10","366.84","369.26","369.56","365.62","35.13M","-0.51%"
"2021- 08- 09","368.73","368.52","369.27","367.39","25.96M","0.18%"
"2021- 08- 06","368.05","368.37","369.37","366.90","33.33M","-0.44%"
"2021- 08- 05","369.67","368.18","369.91","367.45","21.44M","0.63%"
"2021- 08- 04","367.34","366.77","368.32","365.63","29.60M","0.14%"
"2021- 08- 03","366.81","365.28","366.93","362.00","35.56M","0.61%"
"2021- 08- 02","364.60","366.28","366.88","363.87","27.33M","0.01%"
"2021- 07- 30","364.57","362.44","365.17","362.41","36.48M","-0.52%"
"2021- 07- 29","366.48","365.25","367.68","365.25","25.67M","0.18%"
"2021- 07- 28","365.83","365.60","367.45","363.24","42.07M","0.38%"
"2021- 07- 27","364.43","368.22","368.22","360.16","57.93M","-1.10%"
"2021- 07- 26","368.49","367.49","368.89","366.60","28.44M","0.08%"
"2021- 07- 23","368.20","365.31","368.48","363.92","31.96M","1.17%"
"2021- 07- 22","363.95","361.77","363.96","361.77","30.25M","0.66%"
"2021- 07- 21","361.56","358.35","361.56","358.12","30.26M","0.77%"
"2021- 07- 20","358.79","355.63","360.28","353.80","42.18M","1.16%"
"2021- 07- 19","354.67","354.05","355.18","352.04","64.40M","-0.82%"
"2021- 07- 16","357.60","361.40","362.41","357.24","47.26M","-0.81%"
"2021- 07- 15","360.52","362.98","363.19","358.46","53.39M","-0.70%"
"2021- 07- 14","363.07","364.83","365.49","362.22","35.34M","0.18%"
"2021- 07- 13","362.42","362.03","365.46","361.54","39.72M","0.00%"
"2021- 07- 12","362.42","362.45","362.89","360.83","25.72M","0.39%"
"2021- 07- 09","361.01","358.17","361.50","357.57","35.18M","0.62%"
"2021- 07- 08","358.77","355.74","359.65","354.42","50.89M","-0.60%"
"2021- 07- 07","360.95","362.45","362.76","358.94","35.27M","0.21%"
"2021- 07- 06","360.19","359.26","360.48","356.49","38.84M","0.43%"
"2021- 07- 02","358.64","356.52","358.97","356.28","32.73M","1.15%"
"2021- 07- 01","354.57","354.07","355.09","352.68","29.29M","0.04%"
"2021- 06- 30","354.43","354.83","355.23","353.83","32.72M","-0.16%"
"2021- 06- 29","354.99","353.53","355.02","352.67","29.43M","0.36%"
"2021- 06- 28","353.71","350.78","353.85","350.72","39.13M","1.22%"
"2021- 06- 25","349.46","350.47","350.72","348.84","28.68M","-0.12%"
"2021- 06- 24","349.89","349.73","351.46","349.17","32.58M","0.62%"
"2021- 06- 23","347.74","347.51","348.92","346.88","27.19M","0.05%"
"2021- 06- 22","347.57","344.15","348.03","343.84","28.94M","0.93%"
"2021- 06- 21","344.36","342.43","344.69","340.15","32.99M","0.50%"
"2021- 06- 18","342.63","343.63","344.81","341.86","55.41M","-0.78%"
"2021- 06- 17","345.34","339.97","346.38","339.92","59.72M","1.27%"
"2021- 06- 16","341.01","342.74","343.84","337.45","55.40M","-0.37%"
"2021- 06- 15","342.26","344.15","344.47","341.52","35.96M","-0.65%"
"2021- 06- 14","344.51","341.68","344.52","340.46","27.83M","0.96%"
"2021- 06- 11","341.24","340.36","341.25","339.69","21.22M","0.26%"
"2021- 06- 10","340.35","337.19","340.46","336.73","33.70M","1.04%"
"2021- 06- 09","336.84","338.17","338.97","336.65","21.49M","0.02%"
"2021- 06- 08","336.76","338.39","339.29","335.03","27.28M","0.05%"
"2021- 06- 07","336.60","335.05","336.66","334.34","32.61M","0.30%"
"2021- 06- 04","335.60","331.85","336.06","331.78","38.74M","1.70%"
"2021- 06- 03","330.00","330.55","331.86","328.28","37.06M","-1.04%"
"2021- 06- 02","333.47","333.25","334.34","331.70","22.05M","0.20%"
"2021- 06- 01","332.82","335.30","335.79","331.43","31.15M","-0.33%"
"2021- 05- 28","333.93","334.12","335.57","333.60","29.93M","0.32%"
"2021- 05- 27","332.88","333.67","334.54","332.67","27.93M","-0.37%"
"2021- 05- 26","334.13","333.66","334.61","332.95","25.44M","0.35%"
"2021- 05- 25","332.97","334.07","334.81","331.76","31.28M","0.14%"
"2021- 05- 24","332.51","329.37","333.67","326.90","32.48M","1.68%"
"2021- 05- 21","327.01","330.43","330.86","326.64","50.33M","-0.55%"
"2021- 05- 20","328.83","324.12","329.71","323.89","46.47M","1.93%"
"2021- 05- 19","322.59","316.66","322.90","316.30","66.32M","0.11%"
"2021- 05- 18","322.22","325.39","326.65","321.94","36.53M","-0.68%"
"2021- 05- 17","324.41","324.63","326.37","321.45","39.39M","-0.61%"
"2021- 05- 14","326.39","322.60","327.33","322.08","44.37M","2.21%"
"2021- 05- 13","319.34","319.92","322.40","316.90","69.88M","0.77%"
"2021- 05- 12","316.89","320.23","322.62","316.00","91.16M","-2.59%"
"2021- 05- 11","325.31","319.70","326.13","319.02","71.96M","-0.14%"
"2021- 05- 10","325.76","332.78","332.96","325.55","60.70M","-2.53%"
"2021- 05- 07","334.20","334.37","336.65","331.69","53.32M","0.81%"
"2021- 05- 06","331.51","328.76","331.67","326.45","46.81M","0.75%"
"2021- 05- 05","329.03","332.25","333.14","328.23","46.22M","-0.34%"
"2021- 05- 04","330.14","333.56","333.89","326.21","65.15M","-1.80%"
"2021- 05- 03","336.19","339.23","340.00","335.73","29.73M","-0.53%"
"2021- 04- 30","337.99","337.70","340.26","337.05","38.26M","-0.66%"
"2021- 04- 29","340.22","342.37","342.80","336.90","37.71M","0.36%"
"2021- 04- 28","339.00","339.81","340.85","338.33","33.62M","-0.34%"
"2021- 04- 27","340.15","341.93","342.15","339.17","33.19M","-0.43%"
"2021- 04- 26","341.63","339.67","341.92","338.90","30.81M","0.65%"
"2021- 04- 23","339.42","335.85","340.77","335.85","36.41M","1.26%"
"2021- 04- 22","335.20","338.89","339.90","334.01","45.94M","-1.21%"
"2021- 04- 21","339.29","335.09","339.48","333.97","36.60M","0.86%"
"2021- 04- 20","336.41","338.20","339.52","334.38","38.08M","-0.73%"
"2021- 04- 19","338.88","340.39","341.58","336.90","34.53M","-0.92%"
"2021- 04- 16","342.01","342.15","342.23","340.08","40.86M","0.12%"
"2021- 04- 15","341.61","339.47","342.01","336.22","36.34M","1.52%"
"2021- 04- 14","336.51","340.85","340.98","335.67","42.56M","-1.20%"
"2021- 04- 13","340.60","338.24","341.08","338.02","30.37M","1.17%"
"2021- 04- 12","336.67","336.04","337.10","334.73","25.83M","-0.13%"
"2021- 04- 09","337.11","333.68","337.32","332.92","36.66M","0.61%"
"2021- 04- 08","335.08","334.56","335.27","333.74","29.94M","1.04%"
"2021- 04- 07","331.62","330.33","332.48","329.37","32.05M","0.24%"
"2021- 04- 06","330.82","330.73","332.83","330.02","33.54M","-0.07%"
"2021- 04- 05","331.05","327.13","331.84","324.64","42.17M","2.00%"
"2021- 04- 01","324.57","323.07","324.71","322.81","55.69M","1.70%"
"2021- 03- 31","319.13","316.16","320.74","315.81","55.03M","1.53%"
"2021- 03- 30","314.32","313.89","314.91","311.54","44.64M","-0.50%"
"2021- 03- 29","315.91","315.45","316.99","312.47","54.61M","-0.03%"
"2021- 03- 26","316.00","311.11","316.33","309.67","63.52M","1.50%"
"2021- 03- 25","311.33","309.97","312.89","307.39","78.73M","-0.17%"
"2021- 03- 24","311.87","318.63","318.67","311.72","64.80M","-1.69%"
"2021- 03- 23","317.22","319.73","321.09","316.38","53.46M","-0.44%"
"2021- 03- 22","318.61","315.21","320.74","315.21","56.19M","1.75%"
"2021- 03- 19","313.14","311.87","314.73","309.66","78.45M","0.35%"
"2021- 03- 18","312.04","316.87","317.88","311.57","82.94M","-3.06%"
"2021- 03- 17","321.90","317.45","323.85","315.68","78.26M","0.41%"
"2021- 03- 16","320.58","321.09","324.20","319.10","54.93M","0.55%"
"2021- 03- 15","318.83","315.79","319.00","314.10","43.12M","1.07%"
"2021- 03- 12","315.46","313.86","318.23","311.39","69.32M","-0.81%"
"2021- 03- 11","318.04","315.77","319.86","314.85","53.48M","2.30%"
"2021- 03- 10","310.88","316.16","316.47","310.17","76.80M","-0.29%"
"2021- 03- 09","311.77","307.47","313.73","306.92","80.39M","3.94%"
"2021- 03- 08","299.94","308.12","310.06","299.51","88.41M","-2.83%"
"2021- 03- 05","308.68","306.80","309.61","297.45","121.52M","1.51%"
"2021- 03- 04","304.10","308.78","312.04","300.11","139.13M","-1.64%"
"2021- 03- 03","309.16","317.27","318.24","309.10","86.30M","-2.90%"
"2021- 03- 02","318.40","324.25","324.33","318.14","48.37M","-1.60%"
"2021- 03- 01","323.59","319.27","323.94","317.93","49.16M","3.01%"
"2021- 02- 26","314.14","315.85","319.11","310.88","104.74M","0.42%"
"2021- 02- 25","312.83","321.39","324.03","311.24","110.18M","-3.49%"
"2021- 02- 24","324.13","318.74","324.45","315.96","58.21M","0.82%"
"2021- 02- 23","321.48","317.00","323.20","311.00","97.24M","-0.30%"
"2021- 02- 22","322.44","326.50","327.80","322.23","47.26M","-2.59%"
"2021- 02- 19","331.02","333.86","333.99","329.97","39.16M","-0.44%"
"2021- 02- 18","332.47","330.23","333.87","328.36","32.24M","-0.44%"
"2021- 02- 17","333.93","332.47","335.66","330.17","31.47M","-0.48%"
"2021- 02- 16","335.54","337.27","338.19","334.34","27.08M","-0.27%"
"2021- 02- 12","336.45","333.71","336.62","332.63","20.35M","0.56%"
"2021- 02- 11","334.58","334.33","335.00","332.12","22.05M","0.55%"
"2021- 02- 10","332.75","334.99","335.46","329.50","28.07M","-0.23%"
"2021- 02- 09","333.51","332.62","334.81","332.61","17.60M","-0.02%"
"2021- 02- 08","333.58","333.10","333.74","331.41","20.46M","0.67%"
"2021- 02- 05","331.36","331.22","332.40","329.53","22.73M","0.34%"
"2021- 02- 04","330.24","327.82","330.33","326.46","22.35M","1.18%"
"2021- 02- 03","326.38","329.82","330.20","326.32","24.82M","-0.40%"
"2021- 02- 02","327.68","325.48","328.87","325.31","33.93M","1.63%"
"2021- 02- 01","322.42","318.11","323.54","316.02","35.65M","2.50%"
"2021- 01- 29","314.56","319.58","320.72","312.76","55.26M","-2.10%"
"2021- 01- 28","321.32","320.67","326.42","320.03","42.84M","0.59%"
"2021- 01- 27","319.43","326.26","326.27","317.36","55.26M","-2.79%"
"2021- 01- 26","328.59","328.85","329.76","327.22","25.50M","0.15%"
"2021- 01- 25","328.11","328.91","330.32","321.41","39.08M","0.83%"
"2021- 01- 22","325.42","325.29","326.46","324.71","21.61M","-0.29%"
"2021- 01- 21","326.36","325.15","327.13","323.73","25.32M","0.80%"
"2021- 01- 20","323.77","320.14","324.74","316.51","30.73M","2.33%"
"2021- 01- 19","316.41","314.25","316.93","313.12","24.54M","1.46%"
"2021- 01- 15","311.86","314.13","315.12","310.58","35.12M","-0.79%"
"2021- 01- 14","314.35","316.50","317.53","313.86","23.50M","-0.53%"
"2021- 01- 13","316.04","314.19","316.86","313.57","22.90M","0.68%"
"2021- 01- 12","313.92","314.46","315.58","311.20","29.27M","-0.16%"
"2021- 01- 11","314.42","315.98","317.19","313.75","32.87M","-1.45%"
"2021- 01- 08","319.03","317.34","319.39","315.08","33.96M","1.29%"
"2021- 01- 07","314.98","310.28","315.84","310.25","30.39M","2.42%"
"2021- 01- 06","307.54","307.00","311.88","305.98","52.81M","-1.39%"
"2021- 01- 05","311.86","308.29","312.14","308.29","29.32M","0.82%"
"2021- 01- 04","309.31","315.11","315.29","305.18","45.31M","-1.41%"
"2020- 12- 31","313.74","312.87","314.24","311.76","21.61M","0.25%"
"2020- 12- 30","312.97","314.16","314.49","312.33","18.14M","0.00%"
"2020- 12- 29","312.96","314.05","314.68","312.03","25.87M","0.09%"
"2020- 12- 28","312.68","312.25","313.17","310.36","22.50M","1.01%"
"2020- 12- 24","309.56","308.47","310.02","308.39","16.78M","0.44%"
"2020- 12- 23","308.20","309.81","310.18","308.04","21.20M","-0.50%"
"2020- 12- 22","309.76","309.85","310.71","306.85","26.38M","0.27%"
"2020- 12- 21","308.92","306.46","309.47","303.60","37.10M","-0.37%"
"2020- 12- 18","310.06","311.66","311.98","307.61","41.17M","-0.30%"
"2020- 12- 17","311.00","310.63","311.24","309.39","23.73M","0.65%"
"2020- 12- 16","308.98","307.70","309.79","306.62","25.46M","0.55%"
"2020- 12- 15","307.29","306.37","307.29","304.11","25.79M","1.07%"
"2020- 12- 14","304.04","303.08","306.05","303.01","28.80M","0.73%"
"2020- 12- 11","301.85","300.81","301.98","298.47","26.76M","-0.22%"
"2020- 12- 10","302.52","299.21","303.68","298.09","27.52M","0.40%"
"2020- 12- 09","301.31","308.07","308.36","300.21","48.84M","-2.26%"
"2020- 12- 08","308.29","306.76","308.60","304.95","18.34M","0.34%"
"2020- 12- 07","307.25","305.71","307.63","305.52","20.85M","0.57%"
"2020- 12- 04","305.52","304.33","305.67","303.63","19.33M","0.41%"
"2020- 12- 03","304.28","304.07","305.88","303.53","22.83M","0.14%"
"2020- 12- 02","303.85","302.22","304.20","300.35","23.62M","0.13%"
"2020- 12- 01","303.46","301.87","305.14","300.83","27.64M","1.28%"
"2020- 11- 30","299.62","299.30","299.97","294.78","27.84M","0.20%"
"2020- 11- 27","299.01","298.29","300.17","297.90","17.16M","0.92%"
"2020- 11- 25","296.28","295.44","296.94","294.59","23.33M","0.61%"
"2020- 11- 24","294.47","291.49","294.98","289.63","24.52M","1.41%"
"2020- 11- 23","290.39","291.41","292.75","288.07","26.88M","0.00%"
"2020- 11- 20","290.38","292.30","293.07","290.29","25.91M","-0.68%"
"2020- 11- 19","292.38","289.48","292.70","288.85","22.72M","0.78%"
"2020- 11- 18","290.11","291.70","293.37","290.02","28.07M","-0.74%"
"2020- 11- 17","292.27","293.40","293.74","291.61","21.84M","-0.32%"
"2020- 11- 16","293.20","290.68","293.51","289.99","30.17M","0.78%"
"2020- 11- 13","290.93","290.01","291.57","287.87","24.88M","0.88%"
"2020- 11- 12","288.40","290.72","292.07","287.25","34.52M","-0.47%"
"2020- 11- 11","289.76","285.92","290.25","283.38","36.10M","2.24%"
"2020- 11- 10","283.42","285.26","286.66","280.62","69.02M","-1.79%"
"2020- 11- 09","288.59","297.31","299.14","288.12","86.54M","-2.04%"
"2020- 11- 06","294.61","293.58","295.36","289.83","40.96M","0.07%"
"2020- 11- 05","294.39","293.41","295.39","292.00","52.05M","2.61%"
"2020- 11- 04","286.91","283.56","288.77","281.87","75.73M","4.46%"
"2020- 11- 03","274.65","271.86","276.82","270.84","43.60M","1.73%"
"2020- 11- 02","269.98","271.73","273.52","266.97","39.99M","0.22%"
"2020- 10- 30","269.38","274.38","275.24","267.07","65.94M","-2.54%"
"2020- 10- 29","276.39","273.04","279.49","272.52","43.25M","1.75%"
"2020- 10- 28","271.64","278.13","278.64","271.38","53.41M","-3.90%"
"2020- 10- 27","282.66","281.42","283.51","280.20","30.56M","0.78%"
"2020- 10- 26","280.47","282.32","285.30","276.76","38.42M","-1.50%"
"2020- 10- 23","284.74","284.79","284.91","281.78","24.66M","0.20%"
"2020- 10- 22","284.18","285.05","285.98","280.82","32.20M","0.00%"
"2020- 10- 21","284.19","284.67","287.32","283.69","29.31M","-0.08%"
"2020- 10- 20","284.41","284.56","287.62","282.95","32.20M","0.21%"
"2020- 10- 19","283.80","290.49","291.48","282.79","36.76M","-1.63%"
"2020- 10- 16","288.51","291.80","293.27","288.15","40.57M","-0.55%"
"2020- 10- 15","290.10","287.25","290.71","286.54","42.51M","-0.67%"
"2020- 10- 14","292.06","295.32","296.35","290.26","37.18M","-0.84%"
"2020- 10- 13","294.52","296.34","297.05","293.11","64.24M","0.00%"
"2020- 10- 12","294.53","290.60","297.46","289.47","79.37M","3.09%"
"2020- 10- 09","285.71","283.09","285.79","282.71","30.20M","1.53%"
"2020- 10- 08","281.41","282.32","282.47","280.31","25.44M","0.53%"
"2020- 10- 07","279.92","277.83","280.74","277.28","27.54M","1.73%"
"2020- 10- 06","275.16","279.29","281.19","274.25","49.70M","-1.78%"
"2020- 10- 05","280.16","276.34","280.49","276.23","28.18M","2.13%"
"2020- 10- 02","274.31","276.01","282.24","273.44","75.50M","-2.81%"
"2020- 10- 01","282.25","281.79","282.88","279.84","50.02M","1.59%"
"2020- 09- 30","277.84","276.09","281.09","275.87","49.38M","0.68%"
"2020- 09- 29","275.95","276.72","277.71","275.37","27.18M","-0.45%"
"2020- 09- 28","277.20","276.61","277.20","271.67","58.44M","2.08%"
"2020- 09- 25","271.56","265.82","272.39","264.30","55.24M","2.32%"
"2020- 09- 24","265.39","261.58","268.70","261.22","70.63M","0.47%"
"2020- 09- 23","264.16","272.15","272.34","263.25","48.84M","-3.05%"
"2020- 09- 22","272.48","270.05","273.08","266.54","41.13M","1.86%"
"2020- 09- 21","267.51","262.52","267.65","260.11","57.17M","0.24%"
"2020- 09- 18","266.87","271.62","272.09","262.63","86.25M","-1.28%"
"2020- 09- 17","270.32","267.52","274.40","266.68","81.57M","-1.56%"
"2020- 09- 16","274.61","279.77","280.36","274.25","42.44M","-1.59%"
"2020- 09- 15","279.06","278.90","280.45","275.13","41.85M","1.42%"
"2020- 09- 14","275.16","274.28","277.22","272.96","38.53M","1.74%"
"2020- 09- 11","270.45","274.33","275.22","266.90","71.81M","-0.69%"
"2020- 09- 10","272.34","280.97","282.20","270.56","69.67M","-1.99%"
"2020- 09- 09","277.88","275.54","280.05","273.00","64.84M","2.94%"
"2020- 09- 08","269.95","272.27","278.22","269.66","99.57M","-4.81%"
"2020- 09- 04","283.58","285.76","288.93","271.80","123.96M","-1.33%"
"2020- 09- 03","287.41","298.20","298.62","284.41","110.08M","-5.07%"
"2020- 09- 02","302.76","303.26","303.50","296.89","50.84M","0.95%"
"2020- 09- 01","299.92","297.60","300.04","295.79","36.40M","1.71%"
"2020- 08- 31","294.88","293.16","296.74","292.62","36.32M","0.80%"
"2020- 08- 28","292.53","292.27","293.18","290.93","28.02M","0.51%"
"2020- 08- 27","291.05","293.08","293.85","288.70","49.48M","-0.31%"
"2020- 08- 26","291.96","287.11","292.22","285.83","42.22M","2.13%"
"2020- 08- 25","285.86","282.78","286.06","282.37","34.87M","0.79%"
"2020- 08- 24","283.63","285.06","286.00","281.27","36.42M","0.62%"
"2020- 08- 21","281.87","280.07","282.34","279.46","34.75M","0.69%"
"2020- 08- 20","279.93","275.30","280.43","274.86","27.72M","1.39%"
"2020- 08- 19","276.10","277.93","279.02","275.57","32.00M","-0.67%"
"2020- 08- 18","277.97","276.41","278.46","274.91","23.53M","0.96%"
"2020- 08- 17","275.32","273.91","275.84","272.20","24.80M","1.16%"
"2020- 08- 14","272.16","273.01","273.40","270.72","30.80M","-0.12%"
"2020- 08- 13","272.48","272.64","274.83","271.51","31.90M","0.23%"
"2020- 08- 12","271.86","267.37","272.84","267.37","38.89M","2.52%"
"2020- 08- 11","265.19","269.10","270.44","264.63","43.10M","-1.89%"
"2020- 08- 10","270.31","271.74","271.98","266.67","35.09M","-0.43%"
"2020- 08- 07","271.47","274.04","274.88","269.24","44.97M","-1.15%"
"2020- 08- 06","274.64","270.78","274.98","270.19","28.05M","1.32%"
"2020- 08- 05","271.05","270.82","271.50","270.00","21.69M","0.25%"
"2020- 08- 04","270.38","269.06","270.40","268.11","24.91M","0.37%"
"2020- 08- 03","269.38","268.12","270.13","267.93","32.08M","1.35%"
"2020- 07- 31","265.79","265.83","265.95","260.85","53.76M","1.78%"
"2020- 07- 30","261.13","257.64","261.68","256.57","41.77M","0.52%"
"2020- 07- 29","259.77","258.33","260.66","257.91","27.56M","1.15%"
"2020- 07- 28","256.81","259.31","259.84","256.53","31.30M","-1.27%"
"2020- 07- 27","260.12","257.27","260.51","256.46","36.45M","1.78%"
"2020- 07- 24","255.56","254.12","256.93","251.32","54.05M","-0.95%"
"2020- 07- 23","258.01","264.55","265.22","256.57","51.36M","-2.61%"
"2020- 07- 22","264.93","264.46","265.88","262.58","29.87M","0.35%"
"2020- 07- 21","264.00","268.36","268.36","263.16","43.44M","-1.04%"
"2020- 07- 20","266.78","260.12","267.43","258.79","40.61M","2.84%"
"2020- 07- 17","259.42","259.71","260.31","257.17","35.14M","0.12%"
"2020- 07- 16","259.12","258.00","259.77","255.74","47.59M","-0.68%"
"2020- 07- 15","260.90","261.83","262.68","257.50","54.52M","0.20%"
"2020- 07- 14","260.37","256.11","260.76","252.80","72.23M","0.71%"
"2020- 07- 13","258.54","266.95","269.76","257.75","64.11M","-2.06%"
"2020- 07- 10","263.97","262.00","264.23","259.26","32.89M","0.68%"
"2020- 07- 09","262.18","261.95","262.47","257.68","40.31M","0.84%"
"2020- 07- 08","259.99","258.03","259.99","256.58","30.43M","1.32%"
"2020- 07- 07","256.61","258.10","260.88","256.30","36.58M","-0.69%"
"2020- 07- 06","258.39","255.47","258.92","255.46","34.59M","2.46%"
"2020- 07- 02","252.19","252.97","254.27","251.71","31.96M","0.68%"
"2020- 07- 01","250.49","247.66","251.52","247.08","34.69M","1.17%"
"2020- 06- 30","247.60","242.77","248.16","242.58","38.24M","1.96%"
"2020- 06- 29","242.84","240.03","242.84","237.36","34.38M","1.09%"
"2020- 06- 26","240.22","245.75","245.96","239.68","52.82M","-2.36%"
"2020- 06- 25","246.03","243.80","246.33","241.15","36.94M","0.95%"
"2020- 06- 24","243.71","247.95","249.30","242.17","46.03M","-2.06%"
"2020- 06- 23","248.84","248.29","251.13","247.84","32.77M","0.85%"
"2020- 06- 22","246.74","243.76","246.85","243.39","24.07M","1.02%"
"2020- 06- 19","244.24","246.74","247.00","242.45","49.42M","-0.02%"
"2020- 06- 18","244.28","243.25","244.52","242.74","30.58M","0.27%"
"2020- 06- 17","243.62","244.18","245.47","242.84","34.75M","0.32%"
"2020- 06- 16","242.85","243.72","244.36","239.13","48.89M","1.72%"
"2020- 06- 15","238.75","232.35","239.43","231.53","45.31M","1.22%"
"2020- 06- 12","235.88","239.09","240.40","231.74","72.03M","0.79%"
"2020- 06- 11","234.02","242.16","243.56","233.97","72.92M","-4.95%"
"2020- 06- 10","246.22","245.07","247.80","244.52","58.08M","1.20%"
"2020- 06- 09","243.30","240.56","244.17","240.56","35.05M","0.72%"
"2020- 06- 08","241.55","239.51","241.65","237.93","32.94M","0.78%"
"2020- 06- 05","239.69","236.06","240.30","235.63","47.37M","1.98%"
"2020- 06- 04","235.03","236.37","237.77","233.69","38.72M","-0.70%"
"2020- 06- 03","236.69","236.23","237.47","235.35","36.60M","0.45%"
"2020- 06- 02","235.63","234.39","235.64","232.01","33.38M","0.67%"
"2020- 06- 01","234.06","232.44","234.45","232.04","26.14M","0.30%"
"2020- 05- 29","233.36","230.43","233.60","228.76","50.88M","1.47%"
"2020- 05- 28","229.99","229.25","233.46","229.16","43.01M","-0.13%"
"2020- 05- 27","230.29","228.61","230.37","223.96","55.67M","0.55%"
"2020- 05- 26","229.04","233.37","233.50","228.79","33.06M","-0.27%"
"2020- 05- 22","229.66","228.46","229.87","227.50","28.76M","0.35%"
"2020- 05- 21","228.87","231.36","232.11","228.38","43.64M","-1.09%"
"2020- 05- 20","231.39","229.48","231.76","229.48","37.06M","2.00%"
"2020- 05- 19","226.86","227.60","229.81","226.76","36.24M","-0.25%"
"2020- 05- 18","227.43","226.25","228.46","225.53","42.60M","1.86%"
"2020- 05- 15","223.27","218.77","223.30","218.40","55.75M","0.65%"
"2020- 05- 14","221.83","217.90","221.83","216.02","51.55M","1.14%"
"2020- 05- 13","219.34","222.71","224.60","216.75","65.52M","-1.25%"
"2020- 05- 12","222.12","227.48","228.10","222.09","41.05M","-2.09%"
"2020- 05- 11","226.87","223.50","227.93","223.25","35.71M","0.89%"
"2020- 05- 08","224.86","223.55","225.00","222.48","31.96M","1.37%"
"2020- 05- 07","221.82","221.75","222.73","220.42","38.62M","1.29%"
"2020- 05- 06","219.00","219.37","221.04","218.11","36.46M","0.62%"
"2020- 05- 05","217.66","217.40","220.14","216.85","37.78M","1.13%"
"2020- 05- 04","215.22","211.61","215.45","211.12","32.84M","1.17%"
"2020- 05- 01","212.74","214.54","216.67","211.68","48.79M","-2.82%"
"2020- 04- 30","218.91","220.01","220.04","217.35","43.36M","-0.04%"
"2020- 04- 29","219.00","216.21","219.97","215.14","48.72M","3.55%"
"2020- 04- 28","211.50","217.27","217.32","211.21","46.86M","-1.88%"
"2020- 04- 27","215.56","216.18","216.63","214.50","36.45M","0.80%"
"2020- 04- 24","213.84","210.94","214.30","209.50","34.30M","1.58%"
"2020- 04- 23","210.52","211.80","214.43","210.10","43.28M","-0.21%"
"2020- 04- 22","210.97","209.14","212.35","208.33","40.19M","2.97%"
"2020- 04- 21","204.89","210.63","211.16","203.63","72.93M","-3.69%"
"2020- 04- 20","212.74","213.27","215.88","212.57","38.25M","-1.18%"
"2020- 04- 17","215.29","215.96","216.51","212.08","62.86M","0.96%"
"2020- 04- 16","213.25","211.78","214.37","209.69","64.66M","1.82%"
"2020- 04- 15","209.43","208.48","211.83","207.12","47.04M","-1.15%"
"2020- 04- 14","211.86","207.17","212.50","206.42","63.96M","4.35%"
"2020- 04- 13","203.03","199.92","203.42","198.75","42.85M","1.08%"
"2020- 04- 09","200.86","202.27","203.22","199.03","68.32M","0.14%"
"2020- 04- 08","200.57","198.08","201.17","196.17","45.94M","2.12%"
"2020- 04- 07","196.40","202.14","202.66","196.00","69.90M","-0.04%"
"2020- 04- 06","196.48","190.38","197.65","189.19","64.76M","7.15%"
"2020- 04- 03","183.37","185.50","187.07","181.29","47.49M","-1.42%"
"2020- 04- 02","186.01","181.59","190.10","180.97","56.47M","2.03%"
"2020- 04- 01","182.31","184.81","187.66","180.86","53.72M","-4.25%"
"2020- 03- 31","190.40","191.53","195.25","189.20","62.66M","-0.85%"
"2020- 03- 30","192.04","187.10","192.49","186.34","49.36M","3.64%"
"2020- 03- 27","185.30","186.93","190.51","184.66","58.84M","-3.44%"
"2020- 03- 26","191.90","183.78","192.69","183.73","79.89M","5.27%"
"2020- 03- 25","182.30","184.15","189.49","180.05","88.75M","-0.74%"
"2020- 03- 24","183.66","179.69","183.77","177.95","94.88M","7.74%"
"2020- 03- 23","170.46","170.92","174.21","164.93","124.64M","-0.14%"
"2020- 03- 20","170.70","181.74","182.87","170.10","118.98M","-3.92%"
"2020- 03- 19","177.66","175.61","183.45","171.67","120.90M","0.60%"
"2020- 03- 18","176.60","171.46","179.15","166.83","114.16M","-3.04%"
"2020- 03- 17","182.14","175.47","184.39","169.78","121.26M","7.58%"
"2020- 03- 16","169.30","174.15","184.68","169.16","92.05M","-11.98%"
"2020- 03- 13","192.34","187.07","194.48","178.13","134.88M","8.47%"
"2020- 03- 12","177.32","182.09","190.78","176.94","137.82M","-9.17%"
"2020- 03- 11","195.22","199.35","200.75","192.73","89.17M","-4.36%"
"2020- 03- 10","204.11","201.11","204.30","193.68","100.60M","5.45%"
"2020- 03- 09","193.57","193.48","201.16","192.11","116.42M","-6.95%"
"2020- 03- 06","208.02","204.67","209.15","202.91","89.83M","-1.69%"
"2020- 03- 05","211.59","212.69","216.36","210.10","78.71M","-3.04%"
"2020- 03- 04","218.22","213.32","218.33","211.37","73.09M","4.17%"
"2020- 03- 03","209.48","217.11","219.61","207.62","131.95M","-3.21%"
"2020- 03- 02","216.42","208.88","216.57","205.94","112.93M","5.16%"
"2020- 02- 28","205.80","198.92","207.17","198.17","149.25M","0.08%"
"2020- 02- 27","205.64","211.05","216.42","205.50","121.82M","-5.01%"
"2020- 02- 26","216.48","216.67","220.28","214.90","80.40M","0.52%"
"2020- 02- 25","215.37","223.19","223.99","214.74","97.74M","-2.72%"
"2020- 02- 24","221.39","221.84","224.25","220.26","84.52M","-3.86%"
"2020- 02- 21","230.27","233.64","234.01","229.32","66.06M","-1.92%"
"2020- 02- 20","234.78","236.46","236.95","231.88","42.60M","-0.93%"
"2020- 02- 19","236.98","236.07","237.47","235.85","22.23M","0.96%"
"2020- 02- 18","234.73","233.47","235.17","233.25","24.52M","0.04%"
"2020- 02- 14","234.64","234.28","234.86","233.55","23.44M","0.29%"
"2020- 02- 13","233.97","232.62","234.93","232.36","22.77M","-0.13%"
"2020- 02- 12","234.27","233.34","234.38","232.80","24.47M","0.97%"
"2020- 02- 11","232.01","233.21","234.02","231.40","30.20M","0.02%"
"2020- 02- 10","231.97","228.43","231.98","228.38","21.48M","1.21%"
"2020- 02- 07","229.20","229.16","230.44","228.54","25.88M","-0.43%"
"2020- 02- 06","230.19","228.77","230.25","227.98","22.47M","0.86%"
"2020- 02- 05","228.22","230.22","230.25","226.85","38.53M","0.33%"
"2020- 02- 04","227.47","225.39","227.86","224.65","30.69M","2.29%"
"2020- 02- 03","222.38","220.14","222.88","219.99","25.47M","1.51%"
"2020- 01- 31","219.07","223.50","223.56","218.28","52.02M","-1.59%"
"2020- 01- 30","222.60","220.37","222.70","219.69","39.57M","0.36%"
"2020- 01- 29","221.81","222.66","222.93","220.83","29.06M","0.16%"
"2020- 01- 28","221.45","219.60","221.96","219.06","26.73M","1.54%"
"2020- 01- 27","218.10","217.72","219.28","217.18","42.26M","-2.07%"
"2020- 01- 24","222.70","225.62","225.88","221.67","37.44M","-0.84%"
"2020- 01- 23","224.59","223.71","224.69","222.70","26.50M","0.32%"
"2020- 01- 22","223.87","224.38","225.15","223.59","20.74M","0.26%"
"2020- 01- 21","223.28","222.73","223.84","222.66","21.15M","-0.04%"
"2020- 01- 17","223.38","223.24","223.56","222.12","24.33M","0.49%"
"2020- 01- 16","222.28","221.24","222.32","220.80","18.80M","0.96%"
"2020- 01- 15","220.17","220.18","221.20","219.45","25.74M","0.04%"
"2020- 01- 14","220.08","220.75","221.21","219.74","24.57M","-0.39%"
"2020- 01- 13","220.95","219.31","220.98","218.98","22.85M","1.15%"
"2020- 01- 10","218.43","219.76","219.87","218.04","21.91M","-0.26%"
"2020- 01- 09","218.99","218.91","219.41","217.71","23.64M","0.85%"
"2020- 01- 08","217.15","215.47","218.14","215.16","26.46M","0.75%"
"2020- 01- 07","215.53","215.64","216.14","214.85","23.12M","-0.01%"
"2020- 01- 06","215.56","212.49","215.59","212.24","21.73M","0.64%"
"2020- 01- 03","214.18","213.29","215.47","213.28","27.53M","-0.92%"
"2020- 01- 02","216.16","214.40","216.16","213.98","31.01M","1.67%"
"2019- 12- 31","212.61","211.62","212.76","211.20","18.20M","0.19%"
"2019- 12- 30","212.21","213.51","213.63","211.16","21.83M","-0.66%"
"2019- 12- 27","213.61","214.55","214.56","213.04","18.14M","-0.08%"
"2019- 12- 26","213.79","212.26","213.81","212.23","17.16M","0.88%"
"2019- 12- 24","211.92","211.97","212.09","211.44","7.09M","0.05%"
"2019- 12- 23","211.81","212.03","212.15","211.63","23.80M","0.05%"
"2019- 12- 20","211.71","211.81","212.52","211.27","27.69M","0.40%"
"2019- 12- 19","210.86","209.64","210.93","209.62","17.89M","0.63%"
"2019- 12- 18","209.55","209.60","210.13","209.33","15.49M","0.08%"
"2019- 12- 17","209.39","209.50","209.71","209.04","16.03M","0.06%"
"2019- 12- 16","209.27","208.50","209.53","208.48","21.37M","1.00%"
"2019- 12- 13","207.19","206.36","207.91","205.96","32.53M","0.33%"
"2019- 12- 12","206.51","204.77","207.32","204.49","32.70M","0.75%"
"2019- 12- 11","204.98","204.37","205.19","204.04","18.90M","0.53%"
"2019- 12- 10","203.90","204.17","204.88","203.44","21.85M","-0.08%"
"2019- 12- 09","204.07","204.63","205.59","203.98","14.03M","-0.45%"
"2019- 12- 06","205.00","204.25","205.15","204.15","16.56M","1.07%"
"2019- 12- 05","202.83","203.15","203.15","201.84","15.04M","0.20%"
"2019- 12- 04","202.43","202.49","202.91","202.14","15.34M","0.51%"
"2019- 12- 03","201.41","200.32","201.49","193.78","31.43M","-0.78%"
"2019- 12- 02","203.00","205.11","205.18","201.78","28.12M","-1.02%"
"2019- 11- 29","205.10","205.59","205.83","205.00","9.85M","-0.46%"
"2019- 11- 27","206.04","205.13","206.05","204.89","17.06M","0.70%"
"2019- 11- 26","204.61","204.32","204.87","204.05","14.81M","0.19%"
"2019- 11- 25","204.22","202.67","204.26","202.67","17.79M","1.18%"
"2019- 11- 22","201.83","202.17","202.32","200.74","17.20M","0.06%"
"2019- 11- 21","201.70","201.94","202.07","201.07","17.93M","-0.22%"
"2019- 11- 20","202.15","202.85","203.45","200.62","36.71M","-0.60%"
"2019- 11- 19","203.37","203.84","203.84","202.59","17.00M","0.15%"
"2019- 11- 18","203.07","202.61","203.39","201.77","18.41M","0.08%"
"2019- 11- 15","202.91","202.61","202.91","202.00","18.43M","0.73%"
"2019- 11- 14","201.43","200.83","201.56","200.22","17.06M","-0.08%"
"2019- 11- 13","201.59","200.84","201.78","200.71","16.11M","0.02%"
"2019- 11- 12","201.54","201.13","202.21","200.82","14.78M","0.29%"
"2019- 11- 11","200.96","200.23","201.04","199.94","10.19M","-0.13%"
"2019- 11- 08","201.23","200.02","201.25","199.54","15.27M","0.40%"
"2019- 11- 07","200.43","200.76","201.72","199.85","17.83M","0.34%"
"2019- 11- 06","199.76","199.98","200.00","198.78","19.73M","-0.22%"
"2019- 11- 05","200.21","200.35","200.55","199.55","15.05M","0.05%"
"2019- 11- 04","200.10","200.19","200.53","198.87","19.02M","0.62%"
"2019- 11- 01","198.87","197.93","198.88","197.63","22.13M","0.91%"
"2019- 10- 31","197.08","197.56","197.65","195.94","26.80M","0.05%"
"2019- 10- 30","196.99","196.42","197.32","195.29","21.76M","0.48%"
"2019- 10- 29","196.04","197.24","197.53","196.01","18.57M","-0.77%"
"2019- 10- 28","197.57","196.57","197.83","196.55","18.84M","0.99%"
"2019- 10- 25","195.64","193.09","195.74","193.05","21.51M","0.80%"
"2019- 10- 24","194.09","193.62","194.21","192.74","19.26M","0.97%"
"2019- 10- 23","192.22","191.43","192.26","191.15","15.20M","0.19%"
"2019- 10- 22","191.85","194.06","194.42","191.79","22.99M","-0.80%"
"2019- 10- 21","193.39","192.65","193.52","192.14","15.87M","0.89%"
"2019- 10- 18","191.69","193.26","193.67","190.71","27.72M","-0.96%"
"2019- 10- 17","193.55","194.18","194.50","192.81","19.16M","0.26%"
"2019- 10- 16","193.04","192.88","193.53","192.43","20.69M","-0.25%"
"2019- 10- 15","193.52","191.65","193.97","191.56","23.74M","1.27%"
"2019- 10- 14","191.09","190.82","191.70","190.65","15.37M","-0.01%"
"2019- 10- 11","191.11","190.80","192.63","190.72","41.43M","1.29%"
"2019- 10- 10","188.68","187.25","189.43","187.12","26.69M","0.77%"
"2019- 10- 09","187.23","186.96","188.08","186.43","20.83M","0.98%"
"2019- 10- 08","185.42","187.01","187.86","185.27","33.20M","-1.50%"
"2019- 10- 07","188.24","188.23","189.74","187.91","21.40M","-0.30%"
"2019- 10- 04","188.81","186.99","189.08","186.88","32.75M","1.47%"
"2019- 10- 03","186.07","184.07","186.21","181.82","39.61M","1.10%"
"2019- 10- 02","184.05","186.01","187.20","183.02","48.93M","-1.72%"
"2019- 10- 01","187.27","189.54","190.59","186.96","32.67M","-0.82%"
"2019- 09- 30","188.81","187.75","189.11","187.40","26.56M","0.95%"
"2019- 09- 27","187.03","189.70","189.83","185.75","40.80M","-1.24%"
"2019- 09- 26","189.38","189.87","190.00","187.98","27.03M","-0.37%"
"2019- 09- 25","190.08","187.79","190.58","186.21","36.50M","1.12%"
"2019- 09- 24","187.97","191.37","191.79","187.15","41.10M","-1.33%"
"2019- 09- 23","190.50","190.36","191.07","189.72","22.92M","-0.16%"
"2019- 09- 20","190.80","193.11","193.31","190.16","30.13M","-1.06%"
"2019- 09- 19","192.84","192.86","194.03","192.47","26.21M","0.17%"
"2019- 09- 18","192.52","192.20","192.60","190.11","31.17M","-0.04%"
"2019- 09- 17","192.60","191.70","192.60","191.29","21.11M","0.48%"
"2019- 09- 16","191.68","191.30","192.08","191.11","20.32M","-0.45%"
"2019- 09- 13","192.54","192.95","193.40","192.29","27.67M","-0.36%"
"2019- 09- 12","193.23","193.64","194.71","192.97","28.69M","0.42%"
"2019- 09- 11","192.43","190.98","192.53","190.56","25.06M","0.94%"
"2019- 09- 10","190.64","190.19","190.74","188.91","23.74M","-0.29%"
"2019- 09- 09","191.19","192.18","192.27","190.22","24.41M","-0.21%"
"2019- 09- 06","191.59","192.03","192.17","191.17","19.49M","-0.10%"
"2019- 09- 05","191.78","190.39","192.32","190.34","34.06M","1.83%"
"2019- 09- 04","188.33","187.43","188.49","186.90","21.68M","1.44%"
"2019- 09- 03","185.65","186.26","187.18","185.03","28.03M","-0.97%"
"2019- 08- 30","187.47","188.94","188.97","186.41","26.33M","-0.24%"
"2019- 08- 29","187.92","187.37","188.46","186.68","25.43M","1.53%"
"2019- 08- 28","185.09","183.84","185.40","182.91","21.85M","0.36%"
"2019- 08- 27","184.43","186.08","186.42","183.71","28.08M","-0.21%"
"2019- 08- 26","184.82","184.19","184.87","183.08","27.69M","1.51%"
"2019- 08- 23","182.07","186.76","188.45","181.56","55.44M","-3.16%"
"2019- 08- 22","188.02","188.98","189.46","186.54","24.27M","-0.32%"
"2019- 08- 21","188.63","188.66","189.23","187.96","20.75M","0.89%"
"2019- 08- 20","186.97","188.00","188.63","186.92","19.94M","-0.77%"
"2019- 08- 19","188.43","188.03","188.83","187.50","22.57M","1.59%"
"2019- 08- 16","185.48","184.11","185.95","184.10","34.79M","1.61%"
"2019- 08- 15","182.55","183.11","183.59","181.16","36.85M","-0.11%"
"2019- 08- 14","182.76","185.31","185.95","182.42","51.00M","-2.99%"
"2019- 08- 13","188.39","184.27","189.68","184.02","40.47M","2.19%"
"2019- 08- 12","184.35","185.34","185.90","183.50","24.64M","-1.15%"
"2019- 08- 09","186.49","187.32","188.00","185.03","33.61M","-0.94%"
"2019- 08- 08","188.26","185.15","188.32","184.57","38.42M","2.18%"
"2019- 08- 07","184.25","181.32","184.51","179.89","49.99M","0.54%"
"2019- 08- 06","183.26","182.38","183.80","181.07","41.90M","1.40%"
"2019- 08- 05","180.73","183.51","183.51","179.20","75.04M","-3.53%"
"2019- 08- 02","187.35","188.82","188.99","186.21","55.21M","-1.47%"
"2019- 08- 01","190.15","191.51","194.98","189.23","63.25M","-0.50%"
"2019- 07- 31","191.10","194.31","194.43","189.32","41.63M","-1.38%"
"2019- 07- 30","193.78","193.16","194.54","192.99","18.71M","-0.43%"
"2019- 07- 29","194.62","195.18","195.18","193.39","20.45M","-0.34%"
"2019- 07- 26","195.29","194.52","195.55","194.43","20.43M","1.03%"
"2019- 07- 25","193.30","194.48","194.52","192.93","23.43M","-0.95%"
"2019- 07- 24","195.15","193.07","195.16","193.03","20.42M","0.70%"
"2019- 07- 23","193.79","193.58","193.81","192.29","23.79M","0.65%"
"2019- 07- 22","192.53","191.50","192.94","191.44","18.95M","0.80%"
"2019- 07- 19","191.01","193.82","193.83","190.81","29.39M","-0.73%"
"2019- 07- 18","192.42","191.30","192.79","190.69","29.07M","0.11%"
"2019- 07- 17","192.20","193.20","193.49","192.18","16.77M","-0.49%"
"2019- 07- 16","193.15","193.86","194.09","192.56","20.19M","-0.52%"
"2019- 07- 15","194.15","193.97","194.19","193.44","15.61M","0.32%"
"2019- 07- 12","193.53","192.63","193.54","192.45","20.21M","0.58%"
"2019- 07- 11","192.42","192.88","193.34","191.81","23.74M","-0.07%"
"2019- 07- 10","192.56","191.79","193.09","191.47","28.37M","1.00%"
"2019- 07- 09","190.66","188.79","190.90","188.65","19.19M","0.50%"
"2019- 07- 08","189.71","189.86","189.87","188.93","17.60M","-0.70%"
"2019- 07- 05","191.05","190.15","191.40","189.39","21.42M","-0.20%"
"2019- 07- 03","191.44","190.45","191.44","190.29","15.79M","0.75%"
"2019- 07- 02","190.01","189.19","190.03","188.66","18.04M","0.40%"
"2019- 07- 01","189.26","190.30","190.57","188.38","31.19M","1.35%"
"2019- 06- 28","186.74","186.95","187.15","186.07","21.18M","0.13%"
"2019- 06- 27","186.50","186.47","186.94","185.99","19.71M","0.38%"
"2019- 06- 26","185.79","186.13","187.33","185.49","22.60M","0.47%"
"2019- 06- 25","184.93","188.06","188.14","184.65","33.92M","-1.72%"
"2019- 06- 24","188.16","188.52","188.72","188.06","19.38M","-0.22%"
"2019- 06- 21","188.57","188.57","189.77","188.17","39.98M","-0.15%"
"2019- 06- 20","188.85","189.72","189.76","187.16","40.92M","0.93%"
"2019- 06- 19","187.11","186.73","187.53","185.57","31.67M","0.38%"
"2019- 06- 18","186.41","185.88","187.72","185.43","48.18M","1.45%"
"2019- 06- 17","183.74","183.01","184.25","182.84","20.38M","0.60%"
"2019- 06- 14","182.64","182.44","183.11","181.94","22.84M","-0.43%"
"2019- 06- 13","183.42","183.12","183.87","182.74","23.72M","0.59%"
"2019- 06- 12","182.34","182.88","183.28","182.00","27.76M","-0.58%"
"2019- 06- 11","183.40","185.07","185.40","182.78","41.26M","0.14%"
"2019- 06- 10","183.15","182.23","184.85","182.21","41.39M","1.17%"
"2019- 06- 07","181.04","178.50","181.77","178.33","45.89M","1.93%"
"2019- 06- 06","177.61","176.52","178.04","175.73","29.91M","0.79%"
"2019- 06- 05","176.21","176.60","176.61","174.38","34.41M","0.74%"
"2019- 06- 04","174.91","171.98","174.97","171.37","47.80M","2.82%"
"2019- 06- 03","170.12","173.52","173.95","169.27","75.84M","-2.20%"
"2019- 05- 31","173.95","174.71","175.29","173.87","45.45M","-1.60%"
"2019- 05- 30","176.77","176.54","177.27","175.77","30.35M","0.42%"
"2019- 05- 29","176.03","176.45","177.00","175.09","42.18M","-0.82%"
"2019- 05- 28","177.49","178.67","179.66","177.47","24.76M","-0.38%"
"2019- 05- 24","178.16","179.30","179.85","177.94","25.90M","-0.05%"
"2019- 05- 23","178.25","179.00","179.02","177.14","45.35M","-1.53%"
"2019- 05- 22","181.02","180.81","182.07","180.75","24.33M","-0.45%"
"2019- 05- 21","181.83","181.50","182.33","180.92","31.61M","1.04%"
"2019- 05- 20","179.95","180.51","181.18","179.34","38.61M","-1.69%"
"2019- 05- 17","183.04","183.10","185.58","182.88","44.70M","-1.02%"
"2019- 05- 16","184.93","183.11","186.07","182.95","39.28M","1.00%"
"2019- 05- 15","183.09","179.39","183.55","179.31","40.94M","1.41%"
"2019- 05- 14","180.54","179.51","181.63","178.86","43.36M","1.10%"
"2019- 05- 13","178.58","180.30","181.26","178.06","67.19M","-3.47%"
"2019- 05- 10","185.00","184.06","185.89","181.03","58.53M","0.12%"
"2019- 05- 09","184.77","183.76","185.41","182.09","55.35M","-0.54%"
"2019- 05- 08","185.77","185.68","187.17","184.96","37.17M","-0.25%"
"2019- 05- 07","186.24","187.86","188.67","184.51","58.82M","-1.95%"
"2019- 05- 06","189.94","187.10","190.20","186.76","38.37M","-0.61%"
"2019- 05- 03","191.11","189.69","191.25","189.33","30.39M","1.59%"
"2019- 05- 02","188.11","188.88","189.85","186.87","44.11M","-0.43%"
"2019- 05- 01","188.93","190.76","191.32","188.79","34.80M","-0.32%"
"2019- 04- 30","189.54","189.48","189.85","188.21","31.50M","-0.77%"
"2019- 04- 29","191.02","190.62","191.32","190.34","21.72M","0.19%"
"2019- 04- 26","190.65","190.20","190.69","188.59","26.36M","0.09%"
"2019- 04- 25","190.48","191.15","191.22","189.45","29.52M","0.41%"
"2019- 04- 24","189.71","190.44","190.71","189.65","24.98M","-0.32%"
"2019- 04- 23","190.31","188.37","190.54","188.13","33.67M","1.27%"
"2019- 04- 22","187.92","186.54","187.99","186.43","17.94M","0.28%"
"2019- 04- 18","187.39","187.48","187.79","186.29","28.58M","0.13%"
"2019- 04- 17","187.15","187.75","187.93","186.60","29.65M","0.35%"
"2019- 04- 16","186.50","186.51","186.91","185.93","27.20M","0.34%"
"2019- 04- 15","185.86","185.81","186.07","184.62","21.07M","0.02%"
"2019- 04- 12","185.83","185.86","185.95","185.06","24.99M","0.43%"
"2019- 04- 11","185.03","185.77","185.78","184.69","20.65M","-0.24%"
"2019- 04- 10","185.47","184.75","185.53","184.52","24.56M","0.54%"
"2019- 04- 09","184.48","184.50","185.11","184.09","25.63M","-0.35%"
"2019- 04- 08","185.13","184.37","185.28","183.63","22.70M","0.25%"
"2019- 04- 05","184.66","184.30","184.77","184.02","25.67M","0.52%"
"2019- 04- 04","183.71","183.81","184.50","182.65","28.53M","-0.04%"
"2019- 04- 03","183.78","183.74","184.92","183.21","31.63M","0.57%"
"2019- 04- 02","182.73","182.23","182.91","181.78","22.65M","0.38%"
"2019- 04- 01","182.04","181.42","182.26","180.77","30.97M","1.32%"
"2019- 03- 29","179.66","179.63","179.83","178.59","35.21M","0.76%"
"2019- 03- 28","178.31","178.36","178.98","177.24","30.37M","0.23%"
"2019- 03- 27","177.90","179.27","179.72","176.60","37.10M","-0.64%"
"2019- 03- 26","179.05","179.58","180.69","178.14","33.25M","0.47%"
"2019- 03- 25","178.22","177.92","178.84","176.93","46.34M","-0.19%"
"2019- 03- 22","178.56","181.76","182.27","178.37","70.79M","-2.20%"
"2019- 03- 21","182.57","179.24","182.83","179.20","42.43M","1.56%"
"2019- 03- 20","179.76","179.06","180.86","178.24","50.10M","0.40%"
"2019- 03- 19","179.05","179.16","180.00","178.29","36.89M","0.34%"
"2019- 03- 18","178.45","177.95","178.99","177.59","32.94M","0.06%"
"2019- 03- 15","178.35","177.43","178.88","177.28","38.19M","0.93%"
"2019- 03- 14","176.71","177.12","177.34","176.66","23.75M","-0.17%"
"2019- 03- 13","177.01","176.60","177.93","176.35","42.43M","0.75%"
"2019- 03- 12","175.69","175.17","176.14","174.77","33.95M","0.55%"
"2019- 03- 11","174.73","171.86","174.85","171.85","30.52M","2.08%"
"2019- 03- 08","171.17","169.51","171.26","169.34","39.30M","-0.15%"
"2019- 03- 07","171.43","173.09","173.18","170.79","39.41M","-1.23%"
"2019- 03- 06","173.56","174.68","174.75","173.28","27.19M","-0.57%"
"2019- 03- 05","174.55","174.52","175.09","173.69","22.32M","0.07%"
"2019- 03- 04","174.42","175.37","175.79","172.47","38.06M","0.02%"
"2019- 03- 01","174.39","174.41","174.65","173.18","31.43M","0.69%"
"2019- 02- 28","173.19","173.04","173.81","172.70","25.09M","-0.23%"
"2019- 02- 27","173.59","172.92","173.80","171.76","25.16M","-0.06%"
"2019- 02- 26","173.70","173.04","174.25","172.81","21.94M","0.10%"
"2019- 02- 25","173.52","174.20","174.66","173.40","32.61M","0.36%"
"2019- 02- 22","172.89","171.98","173.01","171.90","27.74M","0.74%"
"2019- 02- 21","171.62","171.77","172.26","170.71","25.21M","-0.37%"
"2019- 02- 20","172.25","172.43","173.08","171.32","32.59M","-0.02%"
"2019- 02- 19","172.28","171.39","172.80","171.38","19.49M","0.20%"
"2019- 02- 15","171.94","172.51","172.56","171.14","32.52M","0.42%"
"2019- 02- 14","171.22","170.38","171.83","169.83","30.33M","0.12%"
"2019- 02- 13","171.01","171.62","172.16","170.82","26.09M","0.07%"
"2019- 02- 12","170.89","169.59","171.14","169.33","29.72M","1.48%"
"2019- 02- 11","168.40","169.14","169.58","167.98","21.43M","-0.09%"
"2019- 02- 08","168.56","166.73","168.59","166.57","29.02M","0.20%"
"2019- 02- 07","168.23","169.03","169.45","166.95","42.04M","-1.34%"
"2019- 02- 06","170.52","171.06","171.37","169.75","27.97M","-0.30%"
"2019- 02- 05","171.03","169.75","171.23","169.69","28.16M","0.88%"
"2019- 02- 04","169.53","167.51","169.53","167.33","26.72M","1.24%"
"2019- 02- 01","167.45","167.37","168.60","166.99","32.14M","-0.42%"
"2019- 01- 31","168.16","166.65","168.99","166.47","37.26M","1.50%"
"2019- 01- 30","165.68","163.39","166.28","162.89","41.35M","2.54%"
"2019- 01- 29","161.57","163.20","163.24","160.99","30.78M","-0.94%"
"2019- 01- 28","163.11","163.03","163.12","161.75","33.49M","-1.24%"
"2019- 01- 25","165.15","164.48","165.65","163.95","36.47M","1.19%"
"2019- 01- 24","163.20","162.66","163.44","162.06","32.41M","0.65%"
"2019- 01- 23","162.15","162.77","163.51","160.32","38.11M","0.13%"
"2019- 01- 22","161.94","164.05","164.14","160.76","56.71M","-2.00%"
"2019- 01- 18","165.25","164.84","166.02","163.82","57.18M","0.99%"
"2019- 01- 17","163.63","161.84","164.36","161.57","39.33M","0.79%"
"2019- 01- 16","162.35","162.63","163.78","162.29","33.81M","-0.02%"
"2019- 01- 15","162.38","159.97","162.60","159.91","40.87M","1.95%"
"2019- 01- 14","159.27","159.32","159.96","158.59","30.71M","-0.88%"
"2019- 01- 11","160.69","160.32","160.86","159.79","30.18M","-0.37%"
"2019- 01- 10","161.28","159.59","161.37","158.70","38.94M","0.29%"
"2019- 01- 09","160.82","160.15","161.52","159.47","46.49M","0.81%"
"2019- 01- 08","159.52","159.56","160.11","157.20","49.39M","0.90%"
"2019- 01- 07","158.09","156.54","158.86","156.11","52.06M","1.19%"
"2019- 01- 04","156.23","152.18","157.00","151.74","74.71M","4.28%"
"2019- 01- 03","149.82","152.60","153.26","149.49","74.82M","-3.27%"
"2019- 01- 02","154.88","150.99","155.75","150.88","58.58M","0.40%"